용어,출처,용례
5세대 전투기,"['국방과학기술플러스_242호(2018년+4분기)', '국방과학기술플러스 Vol.255', '국방과학기술플러스 249호', '국방백서', '국방과학기술플러스 250호']","['5세대 전투기인 F-22, F-35 개발 이후 스텔스 성능은 군사용 항공기에 필수적인 적용기술이 되었으며 스텔스 항공기는 적 레이더에 탐지되는 레이더 단면적(RCS)을 최소로 하는 것이 목표이다.', 'PL-10은 중국에서 2004년부터 5세대 전투기용으로 개발한  5세대 단거리공대공유도탄이다.', '러시아의 5세대 전투기인 Su-57(일명 PAK-PA)에는 Tikhomirov NIIP 연구소에서 개발한 2종류의 주파수 대역을 가진 레이다가 장착되어 있다.', '스텔스 기능을 보유하고 원거리 작전 및 정밀타격 능력이 향상된 5세대 전투기(T-50, PAK-FA)를 개발하여 공군의 주력 전투기로 사용할 예정이다.', '전 세계에서 저피탐 기술이 가장 발달된 것으로 알려진 미국은 최근 저피탐 성능을 키워드로 하는 5세대 전투기 개발에 이어 6세대 전투기 개발계획을 발표했으며 중국, 일본 등 한반도를 둘러싼 주변 강대국들도 속속들이 자국의 저피탐 무기체계 개발 계획 및 결과를 발표하고 있다.']"
F-2,"['국방백서', '국방과학기술플러스 Vol.255']","['2011~2015년 「중기방위력정비계획」 기간 중 노후한 F-4의 후속기로 미국의 F-35 도입을 추진 중이며, F-15와 F-2 전투기의 성능개량 작업을 병행하고 있다.', '장착기종으로 F-2, F-15J, F-4EJ에서 운용 중이며, 정밀도 높은 RLG(Ring Laser Gyro) IMU를 탑재하여 LOAL 모드 운용이 가능하다.']"
IED,"['국방과학기술플러스_239호(2018년+1분기)', '국방백서']","['IED에 의한 피해를 줄이기 위해서 재머를 켠 상태에서 이동을 하지만, 이 상황에서 통신장비와 간섭문제가 발생하여 원활한 통신에 문제가 발생하는 사례가 잦았다.', '그 중에서 가장 대표적인 내용으로써, 급조폭발물에 의한 공격을 방지하고자 개발되고 배치된 Counter-IED (Counter Improvised Explosive Device)와 통신장비와의 간섭문제가 있다.', '급조폭발물 (IED : Improvised Explo-sive Device)살상, 파괴, 공격 등을 위해 폭발성 있는 부품을 급조하여 결합한 모든 폭발성 장치를 총칭1.']"
J-20,"['국방과학기술플러스 249호', '국방백서', '국방과학기술플러스 Vol.255']","['3세대 AESA 레이다 기술은 J-20 전투기 포함 다수의 전투기 탑재를 목표로 개발되었으며, GaAs소자를 이용하여 3차원 구조속에 여러 개의 칩을 적층하는 타일형 모듈을 구현하였다.', '스텔스 전투기(J-20)는 2011년 1월 11일 최초로 시험 비행한 이후 개발을 지속하고 있다.', '중국의 최신전투기인 J-10, J-11, J-20, FC-31 전투기에 장착 예정이며  수출용 버전인 PL-10E도 개발하였다.', '현재 3천 여대의 군용 항공기를 보유하고 있으며 Y-20 전략 수송기를 작전 배치하고 J-20 시제기 시험 비행에 이어 J-31 실물을 공개한 바 있다.']"
K-9 자주포,['국방백서'],"['K-2 전차, K-9 자주포, 차기 다련장, 한국형 기동헬기, 북한 전역을 타격할 수 있는 미사일 등도 지속적으로 확보해 나갈 계획이다.', '지상전력 분야에서는 K-21 보병전투차량, K-2 전차, 대포병탐지레이더, K-9 자주포 등을 계속 확보해 나가면서 차륜형 전투차량, 차기 다련장 등의 전력을 새로이 확보한다.']"
P-3C,"['국방과학기술플러스_247호(20년도+1분기)', '261 국방과학기술플러스_최종안']","['1990년대에는 Helium원자의 Zeeman 효과를 적용한 자기장 센서가 개발되어 이를 적용한 ASQ-81 MAD 시스템이 개발되었고 P-3C, Lockheed S-3A Viking, SH-2F/G and SH-3H, Sikorsky SH-60B LAMPS, Mk III helicopters 등에 적용되었다.', '하지만, 이스라엘의 ELTA, IAI, Rafael 사의 장비에 의존하여 RF-16펠콘 유인정찰기, 송골매 무인정찰기, P-3C 성능개량기 등을 운용하였다.']"
RPG-7,['국방과학기술플러스_235호(2017년+1분기)'],['최근 북한도 이라크전 등 현대전의 전쟁교훈을 분석하여 시가지 전투에 적합한 전술과 RPG-7에 열압력탄을 개발하여 배치했다.']
SM-3,"['국방백서', '국방과학기술플러스 Vol.258', '259호_국방과학기술플러스', '국방과학기술플러스_242호(2018년+4분기)', '국방과학기술플러스_248호(20년도+2분기)', '국방과학기술플러스 262호', '국방과학기술플러스_235호(2017년+1분기)']","['12) 해상배치요격미사일( SM-3 )탄도미사일요격용미사일로100km 이상고고도에서탄도미사일을요격한다.', '2월에 미 해군도 함정발사용 미사일(RIM-161 SM-3)을 발사하여 고장 상태로 궤도를 돌고 있던 자국의 한 정찰위성(USA-193)을 요격하는 데 성공하였다.', 'SM-3, GBI(Ground Based Intercepter)는 중간단계, 천궁-II, 사드(THAAD), 패트리어트(Patriot)는 종말단계 미사일 방어에 해당한다.', '같은해12월에는해상배치요격미사일(SM-3) 12)의탄도미사일요격시험을하와이근해에서미·일공동으로실시하였다.', '마지막으로 이지스함에서 SM-3로 요격하는 방안이 있다.', '이 중 현재 우리가 언론에서 흔하게 듣는 천궁2, 패트리엇이나 사드(THAAD1)) 등의 체계는 탄도탄의 종말단계 요격을 위한 것이며 SM-3, GBI2) 등의 체계는 중간단계 요격을 위한 것이다.', '초고온 내열 복합소재는 위에 대표 그림에서 나타나 있는 것과 같이 사드(THADD)와 유사한 유도탄 방어무기체계(SM-3)에 필수 핵심부품 소재이다.', '탄도탄 방어(BMD; Ballistic Missile Defense)를 위해 SM-3의 단분리 과정을 포함한 비행단계별 플랫폼의 형태를 변경시켜가면서 가시화하고 있는 모습을 시각적으로 형상화하여 보여준다.']"
Su-30,"['국방과학기술플러스_242호(2018년+4분기)', '국방백서']","['BrahMos는 인도 공군의 수호이 전투기(Su-30MKI)에서 발사되었으며, 인도 공군은 금년 말까지 40대의 수호이에 BrahMos를 장착할 예정이다.', '향후 다목적 전투기(Su-30SM)와 방공미사일 시스템(S-400), 프랑스제 미스트랄 수송함 등의 배치를 추진하고 있다.']"
T-50,"['2021국방과학기술플러스252호', '국방백서']","['T-50 항공기 개발비는 약 2조원이었으며, 그 중 10%인 200억을 종합군수지원(IL그렇기S) 개발 비용으로 사용하였기에 후속군수지원을 지속적으로 가능하게 하면서 아랍에미리트와의 수출협상 시 한국 정부차원의 안정적 후속 군수지원 보장에 대한 요구를 충족하게 되며 큰 호평을 받고 있다.', '다목적 전투기(Su-35) 48대를 2010년부터 2015년까지 전력화하고, 5세대 스텔스 전투기(T-50)를 개발하여 작전 배치할 예정이다.', '셋째, 공중전력은현재진행되고있는고등훈련기(T-50) 양산사업, 한국형기동헬기사업을계속하면서, 대형수송기및경공격기( FA-50 )양산사업을신규로착수한다.', '스텔스 기능을 보유하고 원거리 작전 및 정밀타격 능력이 향상된 5세대 전투기(T-50, PAK-FA)를 개발하여 공군의 주력 전투기로 사용할 예정이다.', '최근의 또 다른 사례로는 한국항공우주산업주식회사(KAI)의 T-50 항공기 개발이라 할 수 있다.', '태국은 T-50 훈련기 수출(2015년 계약) 이후 방산분야 중점협력국으로 발돋움하고 있다.']"
UH-60 블랙호크,['국방과학기술플러스 250호'],"['2006년에는 아파치 헬기에서 고정익 무인기 Hunter를 조종하는 장비를 개발하였고, 2007년부터는 UH-60 블랙호크에 상호운용 LOI 2급 장비인 VUIT29)를 탑재하여 무인기로부터 비디오 영상을 직접 수신하도록 하여 상황인식 능력을 개선하였다.']"
X-37B,"['국방과학기술플러스_246호(19년도+4분기)', '국방과학기술플러스 249호']","['또한, 열구조 방식은 X-43이나 X-37B 비행체 등에 사용하기 위해 개발되었는데 초고온 강도도 요구되었다.', '아울러 미 공군이 ’10년부터 비공개적으로 궤도에 올려 각종 비행시험을 하고 있는 군사용 X-37B 우주항공기는 강력한 우주무기로서의 가능성을 두고 그 정체와 용도 등에 대한 설이 난무하다.']"
강습상륙함,['국방백서'],"['그에 따라 항공모함, 순양함, 구축함, 전략핵잠수함과 강습상륙함 등 대형함 건조를 통해 원양작전능력을 향상하고 신속한 전력투사를 위해 해군육전대와 항공전력을 지속 확대하고 있다.']"
견인포,['2021_국방과학기술플러스_253호'],"['1992년 개념에 대한 최초 입증 후, 2005년에는 화포용 레이저 점화장치(DPLIS16))를 개발하였으며, 개발기간동안 기존 자주포와 견인포에 적용하여 약 25,000발의 실 사격을 수행한 바 있다.', '미래 포병이 지향하는 방향에 맞추어 국외의 최근 개발동향을 살펴보면, 각국의 전술환경변화를 고려한 소요에 따라 견인포의 차량탑재형을 개발하는 등의 개량형의 개발이나, 기존의 자주포 기술을 활용한 다양한 목적의 체계를 창출하여 제안하고, 소요를 확대할 수 있는 원격무인 포탑, C-RAM1)용 포탑 등을 연구하고 있다.']"
공격기,"['국방과학기술플러스 249호', '국방백서', '국방과학기술플러스 Vol.256', '국방과학기술플러스_238호(2017년+4분기)', '국방과학기술플러스_248호(20년도+2분기)']","['(그림 5~6) 향후 미국은 드론 대응 기술을 한층 더 강화한 후 순항 미사일 형태의 전자기펄스탄을 실용화할 것으로 보이며 최종적으로는 전자기펄스를 발사하는 무인공격기를 개발할 것으로 예상된다.', 'FA-50 경공격기에 최초로 적용한 바 있으며, 향후 도입될 주요 무기체계로까지 확대할 것이다.', 'Yi Long은 전형적인 무인 공격기로 공대공 미사일, 레이저 유도탄, 대인폭탄, 50kg 소형 유도탄 등을 장착할 수 있다.', '무인공격기와 순항유도무기 체계 적용을 위한 가스터빈 엔진은 MTCR 규정에 따른 EL(Export Licence) 문제로 인하여 국내 독자적인 엔진개발이 불가피하여 90년대 초반부터 순항유도무기용 단수명 터보제트엔진의 개발을 시초로 하여, 20년대 중반이후의 무인항공기 체계개발을 위한 장수명의 터보팬엔진 핵심기술 개발을 진행하고 있다.', '셋째, 공중전력은현재진행되고있는고등훈련기(T-50) 양산사업, 한국형기동헬기사업을계속하면서, 대형수송기및경공격기( FA-50 )양산사업을신규로착수한다.', '이에 근거하여 2013년 12월 필리핀 태풍 피해 복구 지원을 위해 아라우부대가 파병되었고, 2014년 3월에는 국산 경공격기(FA-50) 12대를 필리핀에 수출하였다.', '인도는 자체 개발한 경공격기 테자스(Tejas)에 Meteor를 통합하려 하였으나, 유럽 6개국이 참여한 MBDA와 이스라엘의 정치적인 이해관계로 결국 무산된 바 있다.', '주요전력은에이브라함전차,17) 브래들리장갑차,18) 155미리자주곡사포,다련장로켓과패트리어트19)를포함한지대공유도탄, 아파치헬기,20) F-16전투기, 대전차공격기등이다.', '특히 일본의 경우 공식적인 전자공격기를 보유하고 있지 않은 것으로 보이나, 한반도 최근접 지역에 최신형 장거리 감시레이더를 배치하여[20] 한국을 비롯한 주변국 감시를 강화하는 움직임을 보이고 있다.']"
공대공 미사일,"['국방과학기술플러스_248호(20년도+2분기)', '국방과학기술플러스 Vol.256']","['1990년대 걸프전을 시작으로 공대공 미사일, 그 중에서도 비가시선 거리(BVR, Beyond Visual Range) 밖의 적 항공기를 요격할 수 있는 중거리 공대공 미사일의 역할은 비약적으로 증가하였다.', 'KF-X에 장착할 중거리 공대공 미사일은 사거리나 형상에 대한 까다로운 요구조건과 함께 항공기 체계통합을 위한 기술적 문제도 극복해야 한다.', 'Yi Long은 전형적인 무인 공격기로 공대공 미사일, 레이저 유도탄, 대인폭탄, 50kg 소형 유도탄 등을 장착할 수 있다.', '걸프전 이후, 미국의 원거리 공중 전력에 위협을 느낀 러시아와 중국은 미국의 공중급유기와 조기경보기 등을 요격하기 위한 BVR 미사일 개발에 집중적으로 투자하여 다수의 고성능 중-장거리 공대공 미사일을 보유하게 되었다.', '그러나 1990년대 걸프전을 시작으로 공대공 미사일, 그 중에서도 비가시선 거리(BVR, Beyond Visual Range) 밖의 적 항공기를 요격할 수 있는 중거리 공대공 미사일의 역할은 비약적으로 증가하였다.', '또한, AAM-4B는 개량된 이중추력 모터로 약 120km 사거리를 가지는 것으로 알려져 있지만, 이 정도로는 중국과 러시아의 200km급 BVR 공대공 미사일에 대응하기는 어려운 실정이므로 일본으로서는 F-35내부 무장창에 탑재가능하며 긴 사거리를 가지는 공대공 미사일이 필요하였다.', '만일 국산 공대공 미사일이 Meteor와 같은 덕티드 램제트 엔진을 기반으로 한다면, 이미 수행한 KFX-Meteor의 체계통합 결과를 십분 활용하여 기술개발 위험을 획기적으로 낮출 수 있을 것이다.', '말하자면 400mm급 공대함 유도탄과 200mm 급 공대공 미사일은 주요 구성품의 크기는 다르지만 동일한 설계개념과 형상을 공유하는 것이다.', '무장탑재량을 획기적으로 늘리기 위하여  AIM-120을 개발한 Raytheon은 Peregrine 중거리 공대공 미사일을 자체 예산으로 개발 중이다.', '미국 중거리 공대공 미사일 중 최고의 베스트셀러는 당연히 AIM-120 AMRAAM이다.', '실제교전 상황에서 공대공 미사일이 의미 있는 확률로 적기를 요격할 수 있는 거리를 나타내는 회피불능구역(NEZ, No Escape Zone)이라는 용어가 있다.', '이렇게 확보한 기술들은 향후 중단거리 공대공 미사일의 국내 개발에 직접 활용될 수 있을 것이다.', '일본  일본은 50년 전, 미국으로부터 도입한 AIM-9B의 복제수준으로 AAM-1 단거리 공대공 미사일을 개발한 바 있다.', '일본은 50여 년 전에 이미 단거리 공대공 AAM-1을 전력화한 이후, 자국의 우수한 전자기술을 바탕으로 새로운 중거리 공대공 미사일을 개발해 왔다.', '일본은 미국산 항공기 플랫폼의 제약에서 벗어나기 위해  BVR 미사일 유도용 지령송신기를 자체 개발하였으며, 인도는 자국산 항공기에 Meteor를 탑재하는 것을 포기하고 독자 BVR 공대공 미사일을 개발하고 있다.', '장기적으로 KF-X에 자체 개발한 공대공 미사일이 필요한 이유다.', '정치적인 이유로 EU의 Meteor도입이 쉽지 않기 때문에 인도는 자체적으로 덕티드 램제트 기반 공대공 미사일 개발을 서두르고 있으며, 그 일환으로 인도는 2013년, 러시아와 SFDR(Solid Fuel Ducted Ramjet) 추진체계를 개발하는 협력계약을 체결하고, 2019년 지상발사 시험을 성공하였다.', '조만간 인도에서 자체 개발한 덕티드 램제트 추진 공대공 미사일에 대한 소식을 들을 수 있을 듯하다.', '중국과 파키스탄의 직접적인 위협을 받는 인도로서는 ASTRA보다 더 좋은 성능의 공대공 미사일인 Meteor를 가지기 위해 여러 노력을 기울였으나 지금까지는 성과가 없는 실정이다.', '중국중장거리 공대공 미사일에 가장 많은 투자를 하고 있는 국가이다.', '최근에는 항공기의 탐지능력이 점점 확장됨에 따라 더 멀리서 상대를 제압할 수 있는 중장거리 공대공 미사일무장이 필수적으로 요구된다.', '최초 전력화 이후 지금까지 지속적으로 성능을 향상시켜왔으나, 30년전에 개발된 AIM-120기반으로는 러시아와 중국의 최신예 공대공 미사일을 대응하기 역부족이란 인식으로부터 완전히 새로운 공대공 미사일 개발을 준비하고 있다.', '현대 항공기의 레이더 탐지성능이 증가함에 따라 BVR 영역에서 운용할 수 있는 중장거리 공대공 미사일에 대한 개발경쟁이 치열하다.']"
공중급유기,"['국방백서', '국방과학기술플러스_248호(20년도+2분기)']","['K-21 보병전투차량, F-15K 전투기(2차 사업) 등 196개 사업을 계속 추진하며, 차기 구축함, 공중급유기 등 94개 사업을 새로 착수할 계획이다.', '걸프전 이후, 미국의 원거리 공중 전력에 위협을 느낀 러시아와 중국은 미국의 공중급유기와 조기경보기 등을 요격하기 위한 BVR 미사일 개발에 집중적으로 투자하여 다수의 고성능 중-장거리 공대공 미사일을 보유하게 되었다.', '공군은 F-X, 한국형전투기(KF-X)를 확보하여 월등한 공중우세를 달성하고 대형수송기와 공중급유기를 도입하여 원거리 작전 수행능력을 강화해 나갈 것이다.', '공군은 차세대전투기·공중급유기·수송기와 장거리 스텔스기를 획득하는 데 주력하고 있다.', '공중급유기, 정밀유도무기, 우주 기반 감시전력 등도 확보하여 원거리 공중작전과 전천후 타격능력을 향상시킬 것이다.', '공중우세 달성을 위해 오키나와에 F-15 전투기 비행대를 추가 창설하고 신형 조기경보기, 체공형무인기, 수직이착륙기, 신형 공중급유기, 수송기 등을 전력화할 예정이다.', '공중전력은 F-35A 스텔스기와 한국형 전투기(KF-X) 등을 전력화하여 공중우세를 확보하고, 공중급유기 등을 전력화하여 장거리 작전능력을 확보해 나갈 것이다.', '또한 원거리 작전능력을 지원하는 공중조기경보통제기, 수송기, 공중급유기도 증가 추세를 보이고 있으며, 신형 전투기 도입을 지속 추진하는 등 급속한 현대화를 진행하고 있다.', '또한 잠재적 위협 대비 및 국익수호 등 확대된 작전수행능력 구비를 위해 대형수송기, 공중급유기, 우주기반감시체계 등을 확보할 것이다.', '러시아와 중국은 전통적으로 조기경보기나 공중급유기 등 원거리 고가치 자산(HVA, High Value Assets)을 요격하기 위하여 중/장거리 공대공 전력에 투자해 왔으며, 현재는 전력의 다양성과 속력, 사거리 등 비행성능 측면에서 미국을 압도하고 있는 실정이다.', '신형 조기경보기, 체공형무인기, 수직이착륙기, 신형 공중급유기, 수송기 등을 전력화하고 있다.', '이를 위해 차기전투기, 한국형 전투기, 공중급유기, 정찰정보수집체계, 한국형 탄도미사일 방어체계, 우주감시체계 등을 확보해 나갈 것이다.', '차기 상륙함을 확보하여 해양 통제와 상륙작전 능력을 강화하고, 공중급유기로 공중우세를 달성하고 장거리 작전능력을 구비할 계획이다.', '향후 2023년까지 신형 전투기(F-35A 42대), 신형 조기경보기, 체공형무인기, 신형 공중급유기, 수송기 등을 전력화할 예정이다.']"
근접전투,"['국방백서', '국방과학기술플러스 250호', '국방과학기술플러스_235호(2017년+1분기)']","['육군은 현존 전력의 효율성을 극대화하면서 합동작전을 구현할 수 있는 능력을 구비하기 위해 대대급 이하 부대의 주야 근접전투 능력을 집중적으로 보강하고 있다.', '지상무인체계 관점의 기술적 난이도를 고려할 때 ① 수송·보급, 화생방 오염지역 정찰, ② 장애물 개척, 화력지원, ③ 대공방호, ④ 수색·정찰, ⑤ 근접전투 순으로 높아진다.', '차량수송형은 감시정찰, 화생방/폭발물 탐지, 근접전투 등의 용도로 개발되었고 70Kg 급의 Talon은 4000대 이상이 운용되고 있다.', '현재 군에서 소요제기하는 지상무인체계는 근접전투 가능한 무기체계 중심이나, 이러한 지상무인체계 기술적 난이도는 매우 높으므로 많은 시간과 비용을 필요로 한다.']"
기뢰,"['국방과학기술플러스 vol.260', '국방과학기술플러스_242호(2018년+4분기)', '국방과학기술플러스 250호', '국방과학기술플러스_239호(2018년+1분기)', '국방백서', '국방과학기술플러스_237호(2017년+3분기)', '국방과학기술플러스_247호(20년도+1분기)', '국방과학기술플러스 Vol.257']","['2008년부터 2년 동안 개념연구 형태로, 노르웨이 FFI와 함께 착저 잠수함 또는 기뢰 탐지를 위한 기술개발 과제를 수행하였다.', 'David Bushnell은 어뢰와 기뢰전의 아버지라 불리며, 수중전에 대한 그의 접근방법은 미국의 어뢰와 기뢰전의 효시이다.', 'Orca XLUUV의 주요특징은 전투 임무를 수행할 수 있는 기뢰모듈을 탑재하고 있으며, 수상감시정찰을 위해 마스트에 광학 장비를 탑재한 것을 알 수 있다.', 'Orca 프로젝트는 다양한 수중무장을 탑재하기 위한 운용개념(CONOPS)을 연구하고 탑재 하중의 통합과 기뢰, 어뢰 등을 통합 운용할 수 있는 연동기술을 개발할 예정이다.', 'Proteus는 주로 탑재물 통합을 위한 연동시험, 최신의 자율운항기술 시험, 장거리 및 원격 운용기술 시험, 해저면에 기뢰 부설 및 주기적인 검사, 해저 음파탐지기 조사 및 파괴, 다이버 및 수중무장 수송 같은 수중 기반시설 검사를 포함한 여러 가지 임무용으로 사용될 수 있도록 다목적으로 개발하고 있다.', 'RAMICS(Rapid Airborne Mine Clearance System)은 초공동 기술을 적용한 수중 탄환을 개발하는 프로그램으로, 부유식 또는 얕은 수심의 계류식 기뢰 제거를 목적으로 개발되었다.', '[ 도표 3-3 ]  해군 주요 조직과 보유 전력\x08해군작전사령부는 전반적인 해군작전을 지휘하고 대함작전4), 대잠작전5), 기뢰작전6), 상륙작전 등을 수행한다.', '걸프전 이전까지 대부분의 국가들은 유인 소해함에 의존한 기뢰 소해 작전이 주류를 이루었으나, 걸프전 이후부터 본격적으로 무인 소해정 개발을 착수하여 현재 일부 국가에서는 이미 전력화되어 운용 중에 있다.', '고성능 기뢰에 대한 효과적 작전을 위해 기존 플랫폼 위주에서 네트워크 중심작전, 협동교전이 가능한 형태로 발전되어야 하므로 복잡한 전장환경 하에서도 우군 피해를 최소화하면서 기존 탐색/ 소해함과 협동작전이 가능한  MCM용 무인체계의 획득 운용이 요구된다.', '국내에도 기개발된 기뢰 탐지 가능 소나는 다수가 있다.', '국내적으로 기뢰 탐색 및 소해장비 외 대부분의 관련 핵심 기술들은 성숙되어 있으나 USV에 맞도록 개량 혹은 설계 변경하여 체계에 적용할 필요가 있다.', '군사목적으로 전력화 되어 있는 무인잠수정은 측면주사소나(Side Scan Sonar, SSS)를 탑재하여 해저기뢰탐색을 위해 활용되거나, 잠수함의 대잠전 훈련을 위해 소음을 방사/모의 할 수 있는 센서를 탑재하여 활용되고 있다.', '그러나 기뢰는 부설수단에 크게 의존하는 반면 어뢰는 자항추진으로 표적을 찾아내고 공격하여 임무를 완수할 수 있다.', '그리고 부수적으로 대형급 UUV를 운반하고, 기뢰를 부설하는 대기뢰전(MCM), 정보 감시 및 정찰(ISR) 임무 등도 수행할 것이다.', '기뢰 대항작전은 모든 기뢰원에 대한 완전 소해를 목표로 수행되어야 하나 현실적으로 어려운 실정이다.', '기뢰 탐색 및 소해장비의 성능은 무인수상정 플랫폼 체계의 전체 제원과 성능에 영향을 미치기 때문에 국내 독자 기술 축적이 필수적이며 현재의 미흡한 기술수준을 고려하여 단계적이고 체계적인 기술 개발이 필요하다.', '기뢰는 적은 비용으로도 적에게 막대한 피해 및 심리적 부담을 줄 수 있는 병기로서, 현대전은 물론 미래전의 경우에도 지속적으로 활용될 것으로 예상된다.', '기뢰는 적은 비용을 사용하여 다양한 방법으로 해양지형에 관계없이 광범위하게 부설할 수 있어 수상(중)함에 막대한 피해를 유발시킬 수 있을 뿐 아니라 해군작전 중 심리적인 부담을 가중시키며, 미래에도 지속적인 사용이 가능한 저비용 고효율의 무기이다.', '기뢰의 제거 방식에는 기뢰 작동 원리를 이용하여 인위적으로 감응시켜 폭발되도록 하는 방법, 기뢰 위치에 폭약을 설치하여 파괴하는 방법, 계류 기뢰의 계류색을 절단하여 수면에 부상시켜 기관포로 사격, 기폭하는 방법 등이 있다.', '기뢰작전 기뢰를 사용하여 적 해군 세력을 차단 또는 무력화하거나 적의 기뢰 사용을 거부하는 작전8.', '기뢰전은 크게 기뢰 부설작전과 기뢰대항 작전으로 구분되며, 기뢰대항 작전은 적의 기뢰부설 시도를 막고 기뢰 위협을 감소시키는 모든 작전이며 적의 기뢰전 위협을 사전에 차단하는 공격적 기뢰대항 작전과 기뢰가 부설된 이후에 대응하는 방어적 기뢰 대항작전으로 분류된다.', '기존의 유인잠수함에서 수행하는 대부분의 성분작전인 대잠전, 대수상함전, 감시정찰, 기뢰전, 특수전 지원 및 대지전 임무 등을 수행할 수 있으며, 초대형 수중드론은 핵무장도 가능할 것으로 예상된다.', '나아가, 해군에서 현 운용중인 기뢰함, 소해함 체계와의 유 무인 협동작전을 효과적으로 수행할 수 있는 MCM용 무인수상정 개발이 절실히 필요하다.', '남북전쟁을 통하여 기뢰전은 발전을 계속하였고, 남부 연합은 함정 보유면에서 월등했던 북부 연합 함정에 대응하기 위하여 광범위하게 기뢰전을 펼쳤다.', '다자간 연합훈련으로는 코브라골드훈련, 서태평양 기뢰대항전훈련, 환태평양(RIMPAC)훈련을 실시하고 있다.', '대부분의 감응기뢰는 자기장 및 음향신호에 감응하여 발화되며, 일부 기뢰의 경우, 전기장, 압력, 지자기 왜곡 신호에 감응 하여 발화된다.', '따라서, 미래전에서도 기뢰는 지속적으로 운용될 것이 예상되므로 대기뢰전 분야에 대한 지속적인 투자가 필요할 것으로 판단된다.', '무인잠수정 임무2004년 미 해군에서 발표한 UUV Master Plan에서는 무인잠수정의 주요 임무를 정보/감시/정찰, 대기뢰전, 대잠전, 조사/식별, 해양조사, 통신/항해 네트워크, 적재물 운송, 정보작전 그리고 적기신속타격으로 총 9가지로 분류하였다.', '미 해군 상륙작전의 주된 장애가 이라크 기뢰였으며 실제로 1만톤 급 이상 함정 2척이 기뢰 폭발로 큰 손상을 입은 사례가 있다.', '미 해군은 수중드론 탑재 수중무장으로써 지능형 자율어뢰, 자율 자항기뢰, 소형미사일 등을 개발하고 있으며, 수중드론에서 운용할 수 있도록 기존의 수중무장을 개량하는 여러 가지 프로젝트도 수행하고 있다.', '미국은 “Organic MCM System”으로 불리는 총 7종의 소해장비를 개발하여 무인수상정, 잠수함, 수상함, 헬기에 분산 탑재하여 기뢰전을 수행하는 개념을 적용 중이다.', '미국의 경우, 이라크전에서 약 6개월 이상의 많은 기간을 소비한 작전이 기뢰 탐색 및 소해이다.', '복합재 선체는 근접 기뢰 폭발 충격에도 견딜 수 있도록 설계되었다.', '본 장에서는 기뢰대항 작전 중 방어적 기뢰대항 작전을 지원하는 체계에 대해 언급하고자 한다.', '본 장에서는 대기뢰전 수행을 위한 소해장비 기술과 소해능력에 직접적 영향을 미치는 음향탐지 및 무장 장치에 대해서 언급한다.', '부\u2009창설해군작전사령부는 전반적인 해군작전을 지휘하고 대함작전3), 대잠작전4), 기뢰작전5), 상륙작전 등을 수행한다.', '소해를 포함한 대기뢰전에 대한 운용개념이 가장 잘 정비되어 있는 미 해군에서도 함정소해와 항공소해의 장점을 조합한 무인수상정 소해체계가 효율적 대안으로 제시되어 개발, 운용 및 시험 중에 있다.', '소해장비 기술기뢰함(Mine Wafare Ship)은 기뢰를 부설하는 부설함(Mine Laying Ship)과 부설된 기뢰를  탐색(Mine Hunting)하고 소해(Mine Sweeping)하는 기뢰 탐색함/소해함으로 구분한다.', '소해헬기에서 운용하는 개념으로 체계개발이 완료되었으며, 고도 300m 이상에서 수심 20m까지의 기뢰를 대상으로 하며 포구속력은 1,000~1,300m/s로 알려져 있다.', '수중전력은 로미오급 잠수함과 소형 잠수함정 등 70여 척으로 구성되어 있으며, 전시 해상교통로 차단, 기뢰 부설, 수상함 공격, 특수전부대 침투 지원 등의 임무를 수행한다.', '수중전력은 로미오급 잠수함과 잠수정 등 70여 척으로 구성되어 있으며 해상교통로 교란, 기뢰 부설, 수상함 공격, 특수전 부대의 침투 지원 등의 임무를 수행한다.', '수중전력은 로미오급 잠수함과 잠수정 등 70여 척으로 구성되어 있으며, 해상교통로 교란, 기뢰 부설, 수상함 공격, 특수전부대의 침투 지원 등의 임무를 수행한다.', '수중전력은 로미오급 잠수함과 잠수정 등 70여 척을 보유하고 있으며 해상교통로 교란, 기뢰 부설, 수상함 공격, 특수전부대 침투 지원 등의 임무를 수행한다.', '영국 국방성은 자국 방산업체인 Atlas Electronik UK와의 계약을 통해 ARCIMS(ATLAS Remote Combined Influence Minesweeping System) 자율 무인 기뢰소해 시스템을 개발하여 왔으며, 2020년  초반에 캐나다 해역에서의 혹한 운용 시험을 성공적으로 완료하였다.', '영국 전통적 해양 강국으로서 무인수상정에 대한 기반기술을 지속적으로 발전시켜 왔으며 SAS를 사용하는 MCM용 무인체계를 프랑스와 공동개발 착수하는 등 무인수상정을 이용한 기뢰처리 체계를 개발 진행중이다.', '영국 해군은 ARCIMS 체계의 성공적인 시험평가를 통해 유인 기뢰 소해 개념에서 무인 기뢰 소해 개념으로 패러다임의 변화를 가져 왔으며, 현재 기존 운용 중인 Hunt급 소해함을 2대의 USV 운용 모함으로 활용하기 위한 전면 개조 작업이 진행될 예정이다.', '우군 안전과 생존성 확보하의 기뢰 소해를 위해 MCM용 무인수상정 운용은 세계적 추세이며, 미국 및 영국 등 선진국들이 이라크전의 실전 경험을 토대로 보다 개선된 무인체계 개발을 추진 중에 있다.', '음향 탐지 기술USV를 이용하여 기뢰를 탐지해야 할 경우, 다양한 종류의 음향탐지센서가 필요하다.', '이 초대형 수중드론은 결국에는 대잠전(ASW), 기뢰전(MCM), 대수상함전(ASuW), 정보감시정찰(ISR), 그리고 특수전 지원임무 등 복합작전을 수행할 수 있도록 할 예정이고 프로젝트가 잘 진행되면 핵무장까지 고려하고 있는 것으로 알려져 있다.', '이는 미 해군의 LDUUV 프로젝트와 거의 같은 크기로, 더 작은 UUV 또는 잠재적으로 수중무장이나 기뢰를 운반할 수 있을 정도의 크기로 알려져 있다.', '이는 현재 유인 핵잠수함이 수행하는 임무를 대신하여 수행할 수 있는 것으로 간주되고 있으며, 순항 미사일 및 어뢰 발사 플랫폼 또는 기뢰 부설 등 임무를 수행할 수 있을 것이다.', '이들은 해상교통로 차단, 기뢰 부설, 수상함 공격, 특수전부대 침투 지원 등의 임무를 수행한다.', '이러한 전투용 수중드론은 미사일, 어뢰, 기뢰 등을 탑재하여 대잠전, 대수상함전, 대기뢰전 및 대지전 등 다양한 성분작전 임무를 수행할 예정이다.', '이와 같이, 대기뢰전시의 소해용 무인수상정 체계로의 전환은 세계적 발전 추세이다.', '이중 무인수상정은 LCS07 등에 배치하여 시험 중이거나 전력화 단계이며 대기뢰전 외 다종의 다목적  무인수상정을 운용 및 일부 개발 중이다.', '이처럼 예인식이나 운반식의 어뢰는 특수폭약이나 특수 기뢰의 범주에 속하는데,  그 당시에 어뢰라는 이름으로 통용되었고, 실제로 자체추진식의 어뢰가 개발됨에 따라 기뢰와 어뢰가 구분되고 자체추진식의 어뢰를 본래의 어뢰라 칭하게 되었다.', '인간의 창의력과 기술의 발전이 부유기뢰와 Spar 어뢰에서 오늘날 함대에 배치된 높은 기술 수준의 음향호밍 어뢰로 수중무기를 발전 시켰다.', '일반적으로 기뢰탐색함의 Side Looking Multi-beam Sonar를 이용하여 기뢰를 탐색하며 최근의 소해함은 기뢰 소해장치와 탐색장치를 동시에 갖추고 있는 추세이다.', '자기 감응기뢰 소해를 위해서는 다수의 영구자석 봉(Dyad) 배열을 사용하며, 음향 감응기뢰 소해는 별도 부착된 음향신호 발생기(AAG, Advanced Acoustic Generator)가 담당한다.', '잠수함 (중어뢰, 잠대함유도탄, 기뢰 등을 탑재)이지스 구축함 (대공·대유도탄·대함·대잠전 등을 동시에 수행할 수 있는 능력 보유)5.', '전시에 천해 환경에서 항해하는 함정에 위협이 대표적인 병기는 기뢰(Sea Mine)이며, 이 기뢰는 항만이나 해역을 봉쇄 또는 방어하는 가장 효과적인 무기체계이다.', '최근 개발되는 기뢰는 부설 해역 다변화, 탐지 능력 및 파괴 범위 증대, 대기뢰전 세력에 대한 대응 능력 향상 등으로 천해에서의 소나 및 무인기뢰처리기에 의존한 탐지 및 제거에는 한계가 있다.', '최근 기술의 발전에 따라 기뢰의 성능이 향상되고 복잡해짐에 따라 대기뢰전의 수행 전력 및 대응방향도 발전되어 가고 있다.', '탐지장비는 지하나 수중의 금속물체에 의한 지구자기장의 왜곡을 탐지하는 장비로써 주로 드론이나 무인기 등에 탑재하여 지뢰나 기뢰탐지 등의 위치를 검출한다.', '한국 해군은 소해함을 이용한 대기뢰전 전투 임무를 수행하고 있으므로 함정과 승조원에게는 매우 위험한 전투 환경이다.', '한미 연합훈련으로 해상 대특수전부대훈련, 대잠해양탐색훈련, 대잠전·상륙전·기뢰전·특수전·잠수함전 훈련 등 다양한 훈련을 실시하고 있다.', '한미 연합훈련은 작전수행능력 제고와 상호운용성 증대를 위해 해상 대특수전부대훈련, 대잠해양탐색훈련, 상륙전·기뢰전·구조전·해안양륙군수지원 훈련 등 다양한 훈련을 실시하고 있다.', '한미 연합훈련은 해상 대특수전부대훈련, 대잠해양탐색훈련, 대잠전·상륙전·기뢰전·특수전·잠수함전 훈련 등 다양한 훈련을 실시하고 있다.', '한미간에는대특작부대훈련, 대잠해양탐색훈련, 잠수함전·기뢰전·구조전·상륙전·특수전훈련을하고있다.', '한미연합훈련은 작전수행능력 제고와 상호 운용성 증대를 위해 한미 해상기회훈련, 연합 전구대잠전 훈련, 기뢰전·구조전·특수전 훈련 등을 실시하고 있다.', '함정의 임무영역을 표현하는 운용성능은 그림 2와 같이 대공전, 대잠전, 대수상전, 기뢰전과 같은 주 임무수행  영역과 이를 가능케 하는 공격능력, 방어능력, 기동, 지속능력 등의 능력요소로 이루어진다.', '해군작전사령부는 전반적인 해군작전을 지휘하고 대함작전7), 대잠작전8), 기뢰작전9), 상륙작전 등을 수행한다.', '해상 및 상륙 전력 분야에서는 차기 호위함, 장보고-Ⅱ급 잠수함(1,800t급) 등을 계속 확보해 나가면서 차기 기뢰부설함, 차기 상륙함 등을 확보한다.', '현대 기뢰는 음향센서, 자기센서, 압력센서, 진동센서 등 다양한 센서를 이용하는 복합감응 방식을 이용하고 있으나 선진국에서도 유 무인함 공통적으로 음향 및 자기에 대한 소해로 한정하여 운용 혹은 연구개발 진행 중이다.', '현재 미국 해군에서 운용 중인 무인 기뢰 소해장비는 UISS(Unmanned Influence Sweep System)이며, 기존의 항공 소해장비와 유인 함정 소해장비의 장점만을 택한 방식이다.', '화랑 21 모델향토사단의 전투지휘훈련 모델158 | 제7장 전투임무 중심의 선진강군 육성상륙·기뢰·잠수함 작전 등 전투환경의 특성에 따라 기본적으로 수행하는 훈련이다.']"
기총,['국방과학기술플러스 250호'],"['전통적인 기총대신 전방향으로 발사가 가능한 터렛(turret)에 장착된 레이저 무기가 항공기에서 활용가능하게 될 경우 이를 전술한 전방향 영상인식기술과 결합할 경우 가공할 성능이 예상되며, 이는 알파고 쇼크에서 겪은 경험에 비추어 볼 때 숙달된 조종사의 경험에 기반을 둔 현재의 근접 공중전의 양상을 근본적으로 바꿀 수 있을 것으로 예상된다.']"
다연장로켓포,['국방과학기술플러스_242호(2018년+4분기)'],['BM-21은 122 mm 구경의 다연장로켓포로서 1963년 소련 육군에 실전배치 되었으며 50개국 이상이 널리 사용하는 다연장로켓이다.']
대륙간탄도미사일,"['국방백서', '국방과학기술플러스_246호(19년도+4분기)', '국방과학기술플러스 Vol.255', '국방과학기술플러스 Vol.258']","['2월 ‘북극성-2형’을 시작으로 대륙간탄도미사일(ICBM)급 미사일까지 포함한 다종의 탄도미사일 발사와 6차 핵실험 강행 등 핵\u2006・\u2006미사일 능력 고도화에 주력하였다.', '그리고 이러한 장점으로 인해 초창기 대륙간탄도미사일이나 미국의 X-15, 머큐리, 제미니 계획 등에 적용되었다.', '급기야 북한은 2017년 9월 3일 6차 핵실험을 강행하였고, 같은 해 11월 29일에는 대륙간탄도미사일(ICBM)급 미사일을 발사한 후 ‘핵무력 완성’을 주장하였다.', '아방가르드는 러시아의 대륙간탄도미사일 탑재 극초 음속 활공체로, 최고속도 마하 27로 활공하며 별도의 추진기관이 없는 순수한 활공체이다.', '이 기술은 대륙간탄도미사일(ICBM) 개발도 가능한 수준인 것으로 평가된다.', '잠수함발사 대륙간탄도미사일을 운용하는 보레이급 신형 전략핵잠수함을 운용하기 위해 캄차카 반도에 잠수함 기지도 건설하고 있다.', '전략미사일군은 2017년 토플-M 전략핵미사일 실사격에 성공하였고, 핵전력 야루스 대륙간탄도미사일 3개 연대를 전력화하였다.', '특히 2017년 8월 ‘괌 타격계획’을 공개하고 미 본토 전역에 도달할 수 있는 장거리 미사일 개발의 일환으로 화성-15형 대륙간탄도미사일급 탄도미사일을 11월에 발사하였다.', '특히 2017년까지 전력증강 결과 전투장비의 59%를 현대화하였으며, 야루스 대륙간탄도미사일(ICBM) 연대 등 전략부대를 증\u2006・\u2006창설하여 핵 억지력을 강화하였다.', '한편 대륙간탄도미사일(ICBM), 잠수함발사탄도미사일(SLBM), 전략폭격기 등 핵전력 3축체계를 현대화하고 다층적인 미사일 방어체계 구축을 추진 중이다.', '한편 대륙간탄도미사일(ICBM), 잠수함발사탄도미사일(SLBM), 전략폭격기 등 핵전력 3축체계를 현대화하고 있으며, 다층적인 미사일 방어체계 구축을 지속 추진 중이다.']"
대포병 레이더,['2021_국방과학기술플러스_253호'],"['육군의 ISTAR3) 능력 보강, 대포병 레이더 보강, MET4)(기상) 장비 보강, 정밀타격능력 보강, C4I5) 능력 보강, 플랫폼 개선 등을 제시하고 있다.']"
대함미사일,['국방백서'],"['북한 해군이 보유하고 있는 주요 함정 및 지대함미사일은 [도표 1-6]과 같다.', '해안방어전력은 동·서해 해안을 따라 다수의 해안포와 지대함미사일을 배치하여 해상에서 접근하는 함정을 공격하고 대상륙 방어 등의 임무를 수행한다.', '해안방어전력은 동ㆍ서해 해안을 따라 다수의 해안포와 지대함미사일을 배치하여 해상에서 접근하는 함정을 공격하고 대상륙 방어 등의 임무를 수행한다.']"
대형 수송기,['국방백서'],"['Y-20 군용 대형 수송기의 연구개발도 진행하고 있으며, 신형 H-6K 장거리 전략폭격기를 전력화하는 등 공군의 현대화를 지속적으로 추진하고 있다.']"
독도함,"['국방백서', '국방과학기술플러스 Vol.258', '국방과학기술플러스_235호(2017년+1분기)']","['그리고 독도함보다 성능이 향상된 전투체계와 최신 4면 고정형 레이더(AESA)를 탑재함으로써 지휘통제함 임무수행 능력과 함정 생존성이 크게 향상되었다.', '기본형은 현재 해군 상륙함인 독도함에 탑재되어 운용되고  있으며 성능개량형은 레이더 성능을 업그레이드하여  지상용 (SMART-L MM/F) 및 함정용 (SMART-L MM/N)  다중임무 디지털레이더로 개발되었다.', '독도함에 이은 두 번째 대형 수송함인 마라도함은 2014년 12월 건조를 시작하여 약 7년만인 2021년 6월 해군에 인도되었다.', '한국해군이 운용하고 있는 함정의 전투체계는 크게 외국으로부터 도입된 전투체계와 LPH(독도함) 이후 건조되는 함정(PKG, FFG)에 탑재되는 국내개발 전투체계로 구분할 수 있다.']"
라팔,"['국방과학기술플러스_248호(20년도+2분기)', '국방과학기술플러스_235호(2017년+1분기)', '국방과학기술플러스 249호']","['또 다른 노력으로 2016년 인도는 프랑스로부터 라팔 36기를 도입하였다.', '라팔 F2/F3의 임무컴퓨터인 MPDU (Modular Data Processing Unit)는 ASAAC의 STANG 4626 규격을 적용하였다.', '라팔 전투기는 초기 개발과정에서 잠시 수동위상배열 레이다를 채택하였다가 최종모델에는 AESA 레이다로 변경하였다.']"
랴오닝호,['국방과학기술플러스 Vol.256'],['중국은 항공모함 랴오닝호에 리젠을  탑재해 미국령 괌 인근까지 감시 정찰에 나설 것으로  예상되고 있다.']
무인전투기,"['국방과학기술플러스 249호', '국방과학기술플러스 Vol.256', '국방과학기술플러스 250호', '국방백서']","['5단계 수준의 통합이 이루어졌으며 , 향후 개발되는 6세대 전투기 혹은 무인전투기는 3세대 혹은 4세대의 센서 융합이 이루어질 것이다.', ""GJ(攻擊·공지)-11' 스텔스 드론은 미국의 B-2  스피릿 폭격기, 항공모함 베이스의 장거리 무인전투기 X-47B와 비교되고 있다."", '따라서 무인전투기의 공중전 임무를 위해서는 유인조종사와 마찬가지로, 교전 상황을 인식하고 전투기의 한계 성능을 최대한 활용하여 해당 시점에 필요한 적절한 기동을 선택할 수 있는 전술 기동 제어 기법이 요구된다.', '무인전투기 개발을 위해서는 적진 근접/침투 감시정찰, 적방공망제압, 고가치 목표공격 등 초기작전 수행에 필수적인 스텔스, 고속/고기동/고성능 등의 기술이 요구된다.', '무인전투기 자율화시스템 개발을 위한 자율화 수준은 미 국방성 자율화 수준 기준으로 완전 자율화를 의미하는 4단계가 요구되고 있으나 현재 운용중인 무인기 Predator, Global Hawk의 자율화 수준이 2단계이며, 최신예 무인전투기 X-45 역시 2~3단계 수준에 머물고 있다.', '앞서 소개한 여러 제어 기법은 향후 무기체계에 실제 적용을 위해서는 추가적인 연구가 필요하지만 잠재적 효용성이 매우 높을 것으로 생각되며, 특히 최근 개발되고 있는 다양한 센서 관련 기술의 효율적인 융합을 통해 혁신적인 무인전투기 체계가 개발될 수 있을 것으로 기대된다.', '육군은 Army TIGER여단, 해군은 무인수상함·잠수정·항공기전대, 해병대는 무인상륙돌격대대, 공군은 유·무인전투기복합체계 기반 부대 등을 시범부대로 지정하였다.', '이 같은 자율 근접 공중전 알고리듬은 독자적인 무인전투기 뿐만 아니라 유인전투기를 보조하는 윙맨(Wingman) 개념 보조전투기에도 적용가능하며, 유인전투기 조종사의 판단을 보조하는 용도로도 활용 가능하다.', '이상과 같이 근접공중전 기술 개발 동향과 이를 무인전투기에 도입하는 방안에 대해 고찰해 보았다.', '자율화시스템 기술은 특히 군사용 분야에서는 기존의 정찰 및 공격형 유인기의 무인화  뿐만 아니라 지능형 군집(Swarm) 드론 무인 체계나 유·무인통합 운영 체계 및 무인전투기 등을 위해 필요한 핵심기술이다.', '적의 방공망에 근접 또는 침투하여 무력화시키는 대공제압 임무는 현재 스텔스 유인전투기, 저공침투 유인전투기 등을 활용하여 수행 중이나, 생존성 및 임무 성공률 향상을 위하여 1990년대 말부터 무인전투기에 대한 연구가 수행되고 있다.', '중앙 집중형은 무인전투기 편대와 같이 상위 계층이 하위 계층을 통제하는 데 반해, 분산형은 무인체 간에 동등한 권한을 갖고 협력하는 체계로서, 실질적인 군집무인체계라 할 수 있다.', '향후 개발이 예상되는 무인전투기의 임무가 점차 확장될 경우, 유인전투기간의 교전은 무인전투기로의 대체될 것으로 예측된다.', '현재 선진국에서는 공대공 등 다양한 임무를 수행하기 위하여 자율화 수준 3~4단계의 무인전투기 개발 기술을 연구하고 있으나 현재 기술 추세로 볼 때 2030년대 후반 또는 40년대 이후나 가능할 것으로 예상하고 있다.']"
미사일 방어체계,"['259호_국방과학기술플러스', '국방백서', '국방과학기술플러스 Vol.255', '국방과학기술플러스_248호(20년도+2분기)', '국방과학기술플러스 Vol.258']","['[그림 20] 항공기반 상승단계 탄도미사일 방어체계다.', '‘한국형 미사일 방어체계’는 우리 측으로 날아오는 미사일을 요격하는 다층방어체계로 탐지체계, 지휘통제체계, 요격체계로 구성되어 있다.', '낮은 고도에서의 극초음속 비행은 극초음속 순항미사일이 미사일 방어체계를 침투할 수 있도록 하며, 극초음속 활공체와 달리 종말 단계까지 가속할 수 있어 복잡한 기동에 더욱 유리하다.', '또한, ‘한국형 미사일 방어체계’는 탐지체계, 지휘통제체계, 요격체계로 구성되며, 우리 측으로 향해 날아오는 미사일을 조기에 탐지·요격하고 피해 최소화를 위한 경보를 전파한다.', '미사일 방어체계 Ⅱ┃ 47상승단계요격체계는 크게 탐지체계와 지휘통제체계, 요격체계로 이루어진다.', '반면 탐지센서와 요격미사일을 무인항공기에 통합하여 Sensor-to-Shooter 방식으로 항공기반 탄도미사일 방어체계가 구현되면 탐지부터 요격까지 소요되는 시간을 줄여 대응 능력을 개선할 수 있다.', '셋째, 우리 쪽으로 날아오는 미사일을 요격할 수 있는 한국형 미사일 방어체계를 발전시키고 있다.', '이를 위해 북한 전 지역에 대한 정찰감시능력 확보, 물리적·비물리적 타격능력과 복합다층 미사일 방어체계 구축, 압도적인 대량응징보복 능력확보를 추진한다.', '이를 위해 장거리 공대지 유도탄, 장거리 지대공 유도무기 등을 획득하여 킬체인(Kill Chain)과 한국형 미사일 방어체계를 조기에 구축할 것이다.', '이를 위해 차기전투기, 한국형 전투기, 공중급유기, 정찰정보수집체계, 한국형 탄도미사일 방어체계, 우주감시체계 등을 확보해 나갈 것이다.', '즉, 정지 궤도상의 위성체에 조기경보 IR 탐지장비를 탑재하여, 초기 탄도탄  발사 화염을 탐지하여 식별하고, 지상 조기경보 체계 및  조기경보 레이더에 식별된 정보를 제공하여 신속히 경보  발령을 내리게 하고, 지상 대미사일 방어체계의 신속한 대응 타격을 가능케하며, 나아가서는 탄도탄 발사점 및 탄착점을 예측하는 기능을 갖는다.', '킬체인(Kill Chain)과 한국형 미사일 방어체계(KAMD)를 구축하고, 대포병 탐지레이더를 배치하는 등 접적지역 전면전 능력을 보강하였다.', '킬체인(Kill Chain)을 통한 자위권 확보, 한국형 미사일 방어체계(KAMD) 강화, 대량응징보복(KMPR) 역량 강화 등 압도적 한국형 3축체계 능력을 확보할 것이다.', '특히 북한의 핵과 탄도미사일 위협에 대비해 킬체인(Kill Chain)과 한국형 미사일 방어체계(KAMD) 등 탐지, 식별, 결심, 타격 능력을 발전시켜 나갈 것이다.', '한국형 미사일 방어체계(KAMD)를 구축하기 위해 중·장거리 대공유도무기와 같은 대탄도탄 방어 전력을 지속적으로 확보해 나갈 것이다.', '한국형 미사일 방어체계는 한반도 전장환경을 고려하여 현재까지는 종말단계 하층방어 위주의 중첩된 미사일 방어체계를 구축하고 있다.', '한국형미사일방어는 한반도 전장환경을 고려하여 현재까지는 종말단계 하층방어 위주의 중첩된 미사일 방어체계를 구축하고 있다.', '한편 대륙간탄도미사일(ICBM), 잠수함발사탄도미사일(SLBM), 전략폭격기 등 핵전력 3축체계를 현대화하고 다층적인 미사일 방어체계 구축을 추진 중이다.', '한편 대륙간탄도미사일(ICBM), 잠수함발사탄도미사일(SLBM), 전략폭격기 등 핵전력 3축체계를 현대화하고 있으며, 다층적인 미사일 방어체계 구축을 지속 추진 중이다.', '항공기반 방어의 장점  상승단계 탄도미사일 방어를 위해 항공기에 적외선센서와 요격미사일을 장착하여 Sensor-to-Shooter 방식의 미사일 방어체계를 구성하면 상승단계 탄도미사일 방어에 여러 가지 장점이 있다.', '항공기반 상승단계 탄도미사일 방어체계 구성항공기반 상승단계 탄도미사일 방어체계는 교전시간 확보를 위해 탐지센서와 요격미사일을 장착한 Sen\xadsor-to-Shooter 방식이 되어야 한다.', '항공기반 상승단계 탄도미사일 방어체계가 개발되어 기존 중간단계/종말단계 방어에 추가되면 다층방어의 효과를 증대시킬 수 있을 것으로 기대된다.', '항공기반 상승단계 탄도미사일 방어체계는 북한과 같이 폭이 좁고 긴 지리적 특성이 있는 지역 가까이 접근하여 요격이 이루어지므로 탄도미사일 방어에 효과적인 것으로 이 연구는 결론 내고 있다.', '항공기반 탄도미사일 방어체계 구성에 필요한 무인항공기는 적외선센서와 요격미사일을 장착 가능해야 하며 그림20은 이에 따른 개념도이다.']"
박격포,"['국방백서', '국방과학기술플러스_244호(2019년+2분기)']","['81밀리 박격포-Ⅱ, 120mm 자주박격포, 중형전술차량 등의 신규 장비를 전력화함으로써 생존 및 기동성, 전투수행능력을 극대화하여 운용 병력을 절감해 나갈 것이다.', '9) 주요인수물자155밀리포병탄, 81밀리박격포탄, 105밀리전차탄, 공대지유도탄, 일반목적탄, 2.75인치로켓탄등이다.', '무기 분야에서는 개인화기, 박격포 등 동원사단의 전력 보강 소요를 파악하고 국방기획문서18)에 반영하여 전력화하고 있다.', '운용형태는 화포나 박격포, 소총, 유탄발사기에서 발사 후 일정 시간이 지나면 주날개와 꼬리 날개를 전개하는 탄도비행형 정찰포탄, 화포에서 발사 후 포탄내부의 영상송신 자탄을 방출하고 자탄은 낙하선을 전개하여 영상과 좌표를 지상중계소로 전송하는 자탄 방출형, 그리고 포탄내부에 UAV를 방출하여 UAV방출형으로 정찰포탄을 분류하고 있다.', '특히 박격포, 포병 등의 야간사격과 포병 장사거리사격을 강도 높게 실시하고 지원·배속부대와 합동전력을 포함한 전투사격을 실시하여 전투임무수행 능력을 극대화하고 있다.']"
벙커버스터,['국방과학기술플러스_248호(20년도+2분기)'],"['탄두 폭발 현상벙커버스터와 같은 지하관통 탄두를 제외한 일반적인 고폭 탄두의 폭발은 크게 공중, 지면폭발로 구분할 수 있다.']"
비살상무기,['국방과학기술플러스 Vol.258'],"['그리고 드론, 전투 차량, 통신 기지국 등 체계를  직접적으로 파괴하지 않으면서 무력화시킬 수 있는 기술이므로 비살상무기로 분류된다.']"
사드,"['국방백서', '259호_국방과학기술플러스', '261 국방과학기술플러스_최종안', '국방과학기술플러스_248호(20년도+2분기)', '국방과학기술플러스 262호']","['\x07\t 양 장관은 성주기지(Camp Carroll) 사드 포대의 안정적인 주둔여건을 마련하기 위한 대한민국의 노력을 평가하였다.', 'SM-3, GBI(Ground Based Intercepter)는 중간단계, 천궁-II, 사드(THAAD), 패트리어트(Patriot)는 종말단계 미사일 방어에 해당한다.', '무선기기가 폭증함에 따라 전자파에 대한 관심이 높아지고 이에 대한 우려로 인해서 사회적으로 과도한 비용이 발생하고 있으며, 기상청 레이다 논란, 해상관제용 레이다 논란, 사드 논란 등 전자파 영향 여부를 둘러싼 진실 공방으로 사회적 갈등이 확산되고 있다.', '시리아에서는 아사드 정권과 반군 세력 간에 내전이 지속되고 있고, 이라크에서는 이라크 정부군과 ISIL6) 간에 모술 등 북부지역을 중심으로 군사적 충돌이 지속 발생하고 있다.', '양 장관은 사드 기지에 대한 일상적이고 자유로운 접근을 정상화하기 위해 지속적으로 긴밀히 협력해 나가기로 하였다.', '이 중 현재 우리가 언론에서 흔하게 듣는 천궁2, 패트리엇이나 사드(THAAD1)) 등의 체계는 탄도탄의 종말단계 요격을 위한 것이며 SM-3, GBI2) 등의 체계는 중간단계 요격을 위한 것이다.', '주한미군 사드체계 배치 222 5.', '초고온 내열 복합소재는 위에 대표 그림에서 나타나 있는 것과 같이 사드(THADD)와 유사한 유도탄 방어무기체계(SM-3)에 필수 핵심부품 소재이다.']"
상륙돌격장갑차,"['국방백서', '259호_국방과학기술플러스']","['둘째,해군은차기호위함, 차기고속정, 차기상륙함, 상륙돌격장갑차를노후대체전력으로확보하며, 대형수송함과소해함6) 추가확보사업을추진한다.', '해병대의 경우도 그와 유사하게 공수강하시뮬레이터, 상륙돌격장갑차 KAAV 시뮬레이터, 합동화력 시뮬레이터, KUH-1 시뮬레이터 등과 같은 다양한 시뮬레이터를 보유하고 있으나 이것들은 개별 체계의 숙달 훈련 위주로 활용되고 있다.']"
세종대왕함,['국방과학기술플러스_235호(2017년+1분기)'],"['한국 해군은 현재까지 미해군과 계약을 통해 DDH-Ⅱ급 5척(충무공 이순신함(’04/’06), 문무대왕함(’08), 최영함(’12), 왕건함(‘14), 강감찬(’16)), DDG 구축함 3척(세종대왕함(’10), 율곡 이이함(’12), 서애 류성룡함(’14))의 CSSQT을 실시한 바 있다.']"
수리온,['국방과학기술플러스 250호'],"['국내에는 수리온과 소형 무장헬기 등의 개발 경험을 통해 헬기 내 임무장비들을 운용 및 제어하는 OFP 기술은 획득되었다고 볼 수 있으나, 유인헬기와 무인기간의 상호 운용을 위한 OFP 설계 기술은 확보되지 않았다.', '탑재장비 기술  국내에서는 사단급 무인기, 차군 무인기 및 중고도 무인기 등의 개발을 통해서 무인기와 지상통제장치간의 데이터 링크 시스템은 개발된 바는 있으나, 수리온 등과 같은 유인 헬기에 탑재할 수 있을 수준의 소형/경량화 된 데이터링크 시스템은 개발된 바가 없다.']"
스커드미사일,['국방백서'],['그러나 한편으로 스커드미사일과 신형방사포 등을 장소를 바꾸어가면서 기습발사하며 무력시위를 하였다.']
신궁,['국방과학기술플러스 249호'],"['또한 기존 도입 열전지를 적용하던 휴대용 대공유도무기(신궁), 단거리 지대공 유도무기(천마) 등에도 국산 열전지를 대체하여 적용하고 있다.']"
아파치,"['국방과학기술플러스 250호', '국방과학기술플러스_235호(2017년+1분기)', '국방백서', '국방과학기술플러스_237호(2017년+3분기)']","['2006년에는 아파치 헬기에서 고정익 무인기 Hunter를 조종하는 장비를 개발하였고, 2007년부터는 UH-60 블랙호크에 상호운용 LOI 2급 장비인 VUIT29)를 탑재하여 무인기로부터 비디오 영상을 직접 수신하도록 하여 상황인식 능력을 개선하였다.', '2009년에는 아파치 헬기에서 보잉 H-6 리틀버드(Little Bird) 다목적 무인 헬기를 조종하는 시연비행을 수행한 바 있다.', '2011년에는 아파치 헬기, OH-58D 카이오와(Kiowa) 공격정찰 헬기와 RQ-11 Raven, RQ-20 Puma, MQ-5 Hunter, RQ-7 Shadow 및 MQ-1C Gray Eagle등의 고정익 무인기간의 유무인 협업(MUM-T) 작전능력을 수행하는 시범비행을 한 바 있다.', '3) Matei Zaharia, Databricks하둡의 정체/부진과는 다르게 Databricks사가 개발한 아파치 스파크의 지속적 성장이 예측된다.', '48 | 제3장 포괄안보를 구현하는 국방태세 확립AH-64 (아파치) 공격헬기ATACMS (Army Tactical Missile System) 육군 전술유도탄 체계12.', 'AH-64E 아파치 헬기에 장착된 UTA는 TCDL을 장착한 무인항공시스템(UAS, Unmanned Aerial System)과도 호환 가능하다.', '미군은 2014년 아프카니스탄에서 무인기(MQ-1C, Grey Eagle)에 장착된 감지기로 부터 지능정보를 획득 후 아파치(AH-64E)에서 무인기에 장착된 미사일(Hellfire)로 공격까지 실시간 연동을 성공적으로 수행하였다.', '아파치(AH-64E)에 적용된 유무인 협업사례유무인 협업은 미국 DARPA에서 98년 기초연구인 SEC(Software Enabled Control) 프로그램을 시작으로 현재 MUM-TX가 개발진행중에 있으며, AH-64E에 적용하여 실전 배치되고 있다.', '아파치의 유무인 협업 개발진행과정은 다음과 같다.', '우리 군은 지상전력 면에서 K2 전차, K9 자주포, 천무 등 세계 최고 수준의 전차와 화포를 전력화하고 다수의 아파치 공격헬기를 보유하고 있다.', '주요전력은에이브라함전차,17) 브래들리장갑차,18) 155미리자주곡사포,다련장로켓과패트리어트19)를포함한지대공유도탄, 아파치헬기,20) F-16전투기, 대전차공격기등이다.']"
알레이버크급 구축함,['국방과학기술플러스 Vol.256'],"['55m, 무게는 50kg, GPS/INS 유도항법 기능을 갖고  있어, CEP 20m의 정확도 사격이 가능한 것으로 알려졌고, 알레이버크급 구축함에서 발사하여 최대 110km 떨어진 지상표적 타격이 가능한 것으로 알려졌다.']"
어뢰,"['국방과학기술플러스_242호(2018년+4분기)', '국방과학기술플러스 262호', '국방과학기술플러스_239호(2018년+1분기)', '국방과학기술플러스 250호', '259호_국방과학기술플러스', '국방과학기술플러스 Vol.257', '2021_국방과학기술플러스_253호', '국방백서', '국방과학기술플러스 249호', '국방과학기술플러스_235호(2017년+1분기)']","['1866년 영국의 기술자 Robert Whitehead는 최초로 자체추진 어뢰를 개발하였다.', '1930년대는 Mk 13어뢰(항공기용), Mk 14어뢰(잠수함용), 그리고 Mk 15어뢰(구축함용)가 개발 후 실전 배치되었으며, 이러한 어뢰들은 2차 대전 개전 초기에 현대식 어뢰재고를 구성하였다.', '1950년대 접어들어 잠수함이 원자력 추진을 적용하여 수중에서 20노트의 속력을 확보함에 따라 고속의 잠수함을 공격하기 위하여 더 빠른 속도의 어뢰가 요구되었다.', '1960년대에 쉬크발(Shkval)이라는 명칭으로 개발을 시작하였으며, 약 200노트(370km/h)의 속력으로 바닷속에서 항주가 가능하여 기존 어뢰 대비 4~5배의 빠른 속력으로 알려져있다.', '1976년 Mk 45 어뢰는 비핵탄두인 Mk 48 어뢰로 대체되었다.', '1차 대전 기간 동안 항공기와 잠수함이 등장하면서 발사 플랫폼이 3차원으로 확대되었고, 어뢰는 더욱 강력하게 수상함 및 수송선단을 공격하는 무기로 운용되었다.', '1차 대전이 끝난 후 부족했던 어뢰공격의 효과를 높이기 위한 방안으로 어뢰의 주행속력과 항주거리를 증대하기 위하여 다양한 종류의 추진방식 개발이 시도되었으나 별다른 진전을 보지 못한 상태에서 2차 대전이 발발하였다.', '2차 대전 기간 동안에는 태평양과 대서양에서 새로운 발사수단인 기동성이 뛰어난 함재기와 은밀성이 높은 잠수함을 이용해 더욱 위협적이고 효과적으로 어뢰 공격을 수행할 수 있게 되었다.', '2차 대전 종전 초기에 저가의 ASW 경어뢰에 대한 해군의 요구조건이 제안되었고, 1950년 대잠 경어뢰에 대한 최대중량을 실현 가능한 350 파운드로 설정함에 따라, 2차 대전 기간에 사용된 1000파운드 중량의 어뢰와 동일한 성능을 달성하는 것은 불가능 하였다.', '2차 대전에 사용된 전기식 어뢰는 전원으로 납 2차 전지를 사용하였는데, 이 전지는 주기적인 정비가 요구되었다.', '4mm/s의 고연소속도를 갖기 때문에 초고속 어뢰용 금속연료 추진제로 적용 가능할 것으로 판단된다.', '55m의 Whitehead  Mk 1, Mk 2, 및 Mk 3 어뢰는 기본적으로 동일하고 기계적인 세부사항만 조금 차이가 있으며, Mk 1과 Mk 2 버전은 길이 5m가 되는 것도 있다.', '5배 이상 빠른 속력이 요구되고, 추진소음은 어뢰가 표적을 탐지하는데 방해가 되지 않을 수준으로 낮아야 한다.', 'Barracuda는 적 어뢰 요격 및 근거리 수중표적 공격용으로 개발되었으며, 해상시험을 통해 200노트(360km/h) 속도에서 안정적인 직진 주행과 완만한 형태의 곡선 궤적에 대해 방향제어가 가능함을 입증하였다.', 'David Bushnell은 어뢰와 기뢰전의 아버지라 불리며, 수중전에 대한 그의 접근방법은 미국의 어뢰와 기뢰전의 효시이다.', 'Howell 어뢰는 Whitehead 어뢰가 공급되기 전인 1898년까지 미국전투함에 사용되었다.', 'Howell은 10,000 rpm을 갖는 132 파운드의 플라이휠에 의해 구동되는 어뢰를 개발 했다.', 'MK 37 어뢰보다 더 빠르고 정밀한 어뢰개발을 위한 어뢰 재구성(RETORC: Research Torpedo Re-Configuration) 사업이 1956년에 시작되어, Mk 45어뢰가 1963년에 함대에 배치되었는데, 40노트 속력이며, 11,000에서 15,000야드의 항주거리를 가지며, 핵탄두가 장착되었다.', 'Mg/NaNO3 추진제는 전통적인 조명제의 조성으로 러시아와 이란을 제외하고 초공동 어뢰에 적용한 사례가 없으며, 금속연료 추진제를 대형으로 제작하는 관련 기술도 공개되어 있지 않다.', 'Mk 18 어뢰는 2차 대전 기간 동안에 일본의 선박 1,000,000톤가량을 침몰시킨 것이 인증 되었다.', 'Mk 39 어뢰는 2차 대전 후에 중어뢰의 중기유도 기술을 개발하기 위한 목적으로 시작되었으며, 대략 120발의 Mk 27 Mod 4 어뢰가 1956년에 Mk 39 어뢰로 개조되었고, 목적은 유선유도 기술의 개발에 있었다.', 'Mk 48 ADCAP 어뢰는 모든 미국 잠수함에 탑재되며, 유선유도를 사용하거나 사용하지 않고 운용이 가능하다.', 'Mk 48 어뢰는 미국어뢰역사에 있어서 현재수준의 기술을 대표하는 상징으로 현재도 후속개발은 계속되고 있고, 개선된 중기유도를 갖는 Mod 3 어뢰는 현재 생산 중에 있다.', 'Mk 48 어뢰는 수상함이나 고속의 심해 잠수함을 표적으로 탐지공격하는 장거리, 고속, 심해, 유선유도, 음향호밍 하는 무기체계이다.', 'Mk 50 어뢰는 ASW 항공기, 헬리콥터, 또는 수상 전투함으로부터 발사된다.', 'Mk 50 어뢰는 길이가 9 피트 이고, 무게가 750 파운드 이며, 40 노트를 초과하는 속력에 20,000 야드의 주행거리를 가지며, 대략 100 파운드의 지향성 탄두가 장착된다.', 'Mk 50은 증기를 생산하기 위한 발열화학 물질을 사용하는 증기 구동형 어뢰이다.', 'Mk54 어뢰는  1999년부터 개발을 시작해 2003년 양산에 들어간 최신 대잠 경어뢰이다.', 'Orca 프로젝트는 다양한 수중무장을 탑재하기 위한 운용개념(CONOPS)을 연구하고 탑재 하중의 통합과 기뢰, 어뢰 등을 통합 운용할 수 있는 연동기술을 개발할 예정이다.', 'Shkval은 초공동 기술을 적용한 최초의 어뢰로서, 초기형은 탐지기가 없는 비유도 방식(unguided)으로 직주형 어뢰에 가까웠으며, 최고 속도 200노트(360km/h)로 개발되었다.', 'Spar 어뢰가 사용되어 졌는데 폭약장치는 공격하는 함정의 선수에서 앞으로 약 30피트 길이의 튼튼한 막대기 끝에 설치되었으며, 그 폭약으로 상대를 공격하였다.', 'Tate가 위원장인 제 6분과는 수상/수중전 분과로 어뢰 연구개발 업무를 담당하였다.', 'Whitehead Mk 1, 2, 3 어뢰는 냉기관(cold running) 무기라고 하는데, 냉기관 무기란 압축공기로 작동되는 무기라는 의미이다.', 'Whitehead 어뢰가 개발(1866년)된 지 26년이 지난 뒤에야 미국의 전문가들은 그 가치를 최종적으로 인정하게 되었는데, 이는 아마도 1891년 4월 23일 계류된 상태에서 포함(Gunboat)에서 발사된 Whitehead 어뢰의 공격으로 침몰된 칠레의 반란군함 3500톤급 BLANCO함에 대한 성공적인 어뢰공격에 자극을 받아서 일 것이다.', '[그림 12] 어뢰 대응상황에 따른 기만 효과 분석 예제 본 연구를 통해 구축된 기만 효과도 모델은 다양한 시나리오 환경에서 기만 효과도를 예측할 수 있기 때문에 시험개발 또는 체계개발 시 체계사양 도출을 위한 도구로 활용 가치가 클 것으로 기대된다.', '[그림 7] 기포항적 산란강도 도출 결과 예제 기포발생물질 조성, 밀도, 무게, 형상 등 조건에 따른 측정실험을 반복적으로 수행하여, 기포발생물질에 의해 발생되는 기포항적의 산란강도 프로파일 단면을 데이터베이스화하였으며, 최종적으로 항적추적어뢰 탐지기능을 기만하기 위한 효과도 분석 구성모델로 활용하였다.', '개발기관인 DIEHL BGT Defence에 의하면 바라쿠다는 수중 및 수상의 타켓뿐만이 아니라 러시아에서 운용하고 있는 쉬크발 어뢰를 직접적으로 요격이 가능하다고 공개하였다.', '공동 현상이란 일정한 온도 하에서 물의 압력이 증기압(vapor pressure, Pvapor) 이하로 낮아졌을 때 물이 수증기로 기화(vaporization) 되는 현상으로, 주로 고속 회전하는 프로펠러나 고속 어뢰에서 많이 발생한다.', '국방과학연구소(해양기술연구원)에서는 이 QUEST 프레임워크를 이용하여 국과연 주관 연구개발 체계인 함정전투체계, 어뢰체계, 음탐기체계 등의 개발 과정에서 어뢰전/대어뢰전/대잠전 모델을 개발하고 효과도분석, 전술 개발 등에 적용하고 있다.', '그 당시 거의 대부분의 국가에서는 Whitehead 어뢰를 소유하고 있었기 때문에, 미국은 다른 국가에 뒤쳐질 수도 있다는 걱정에서 벗어나기 위하여 Whitehead 어뢰의 구입을 결정하였다.', '그 당시까지 자체추진 어뢰는 Whitehead 어뢰가 주도였으나, 미국은 Whitehead 어뢰를 구입하지 않고, 자국의 어뢰를 연구개발 할 계획을 수립하기로 결정하였다.', '그 당시에 시도된 몇 가지의 어뢰들로는 “Lay”, “Lay Haight”, “Ericsson”, “Cunningham”, “Sims-Edison”, 그리고 “Barber”등이 있고, 이 어뢰들의 주요특성은 아래와 같다.', '그 이후 보다 가볍고 향상된 추진특성과 높은 신뢰성을 갖는 경어뢰 확보를 위해 캠엔진 시스템이 장착된 Mk46 어뢰를 1963년부터 양산을 시작하였고, 현재 전력화 중인 대잠 경어뢰이다.', '그 후 펜실베이니아 주립대학교의 APL(Applied Physics Laboratory)에서 연구를 재개하였는데, 그것은 해군의 신형 경어뢰 사업의 일부분이다.', '그 후, 유선유도 성능을 갖는 Mk 37 Mod 1과 Mod 3 어뢰가 후속적으로 개발되었고, 1972년부터 단계적으로 Mk 48로 대체 되었다.', '그러나 기뢰는 부설수단에 크게 의존하는 반면 어뢰는 자항추진으로 표적을 찾아내고 공격하여 임무를 완수할 수 있다.', '그림 11은 항적추적어뢰가 특정 방위각에서 수상함을 공격하는 특정 시나리오를 가정하였을 때, 기포항적에 의한 기만 효과를 분석한 예제를 보여준다.', '그림 12는 특정 조건에서의 어뢰대응 상황에 따른 기만 효과를 보여주는 일례이다.', '기술개발에 필요한 핵심기술수상함에서 항적추적어뢰의 공격이 식별되면 어뢰의 추적을 방해하기 위하여 매우 짧은 시간에 충분한 양의 기포항적을 생성시켜야 한다.', '기술현황선진국의 어뢰방어체계 기술은 함정의 생존과 직결되는 매우 중요한 기술로써 구체적인 정보의 접근이 제한된다.', '기포발생물질에 의해 생성된 기포항적은 실해역 실험을 통해 항적추적어뢰 기만에 필요한 충분한 산란강도를 가지는 것을 확인하였으며, 기포 분포에 대한 3차원 영상화를 통해 기포항적 발달 전주기를 가독성있게 관찰할 수 있었다.', '기포특성 측정 기술제조된 기포발생물질이 항적추적어뢰의 공격을 기만할 수 있는 지의 여부를 판단하기 위해서는 기포발생물질에 의해 생성되는 기포항적의 음향학적 특성과 분포학적 특성을 측정할 필요가 있다.', '기포항적에 의한 기만 효과 분석 연구제조된 기포발생물질에 의해 발생되는 기포항적의 물리적, 음향적 및 분포적 특성은 수조실험, 호수실험, 해상실험 등 단계적인 검증 실험을 통해 신뢰도 있는 자료를 확보하였으며, 확보된 자료는 최종적으로 항적추적어뢰 공격을 기만하기 위한 효과 분석 모델에 적용하였다.', '능동호밍을 할 때 어뢰는 어뢰자신이 송신한 신호가 표적에서 반사 되어 돌아온 신호에 의하여 표적 접촉을 한다는 것이 듣고만 따라가는 수동호밍과는 다르다.', '다연장 발사관과 사격통제장치, 그리고 Mk 44 어뢰를 payload로 하는 ASROC missile 시스템이 1962년경에 부대에 배치되었고, 현재는 Mk 46 어뢰를 missile payload로 사용하는 ASROC 시스템은 순양함, 구축함 그리고 호위함 등에 두루 사용되는 무기체계이다.', '당시 Newport의 해군 어뢰창은 많은 민군 출신의 발명자들이 제안하는 어뢰에 대한 시제품 제작과 시험을 위한 장소로 널리 이용되었다.', '대규모의 기포항적을 대상으로 측정된 음향학적, 분포학적 특성을 측정하고 분석함으로써, 제조된 기포발생물질의 조성이 항적추적어뢰 기만 효과가 있는지를 최종적으로 확인하였다.', '더불어 2004년도에는 새로운 초공동 어뢰개발을 착수하였으나 뚜렷한 프로젝트의 성과는 보여주지 못하고 있다.', '독일  1988년 독일은 초공동화연구를 시작하여 최근까지 최대속력 400km/h 이상을 만족하는 바라쿠다(Barracuda) 어뢰를 개발중에 있다.', '두 가지 버전에 대한 평가를 거쳐 Mk 48 Mod 1 어뢰가 양산과 함대 전력화 장비로 1971년에 선정되었다.', '두 개의 평행 축에 연결된 가변 추진기가 플라이휠로부터 베벨기어로 구동되고, 플라이휠의 속도가 감소되면 어뢰의 속도를 일정하게 유지하기 위하여 추진기 피치를 변화시켜 보상을 한다.', '따라서 어뢰 체계 요구조건에 따른 수반응 추진제의 연소속도가 해수흡입 추진기관의 핵심기술이라 할 수 있다.', '따라서 어뢰의 추진시스템은 고출력이면서 저소음 특성을 실현하기 위한 추진방식과 추진기 설계 기술이 핵심적인 기술 요소이다.', '따라서, 우리는 대량의 기포항적을 빠르게 생성시킬 수 있을 뿐만 아니라, 항적추적어뢰 기만에 효과적인 크기를 가지는 기포를 발생시키고, 기포의 발생 심도, 생존 시간 등을 제어할 수 있도록 화학물질을 이용하여 기포항적을 생성시키는 방법을 연구하였다.', '또한 기포항적 기만 시 수상함 회피기동 여부, 음향기만기 사용 여부 및 종류, 개수 등과 어뢰 경보거리, 어뢰 및 수상함 속도, 계절, 해역 등 다양한 변수를 복합적으로 동시에 고려하여야 한다.', '또한 함정내 탑재장비, 유도무기, 어뢰와 같은 실물장비를 자주 접하지 못하는 고가의 장비일수록 더욱 교육훈련이 중요하기에 대체재로서 가상교육훈련장비의 구축 및 운용이 필요하다.', '또한, 1차 대전 기간 동안 독일에서 개발에 성공한 전기추진 어뢰에 대한 관심이 높아졌고, 해군 내부에서 전기추진 어뢰 개발에 대한 업무가 해군 시험소를 중심으로 진행이 되었다.', '러시아(구 소련)는 미국의 고속 원자력 잠수함과의 교전과 항공모함을 공격하는 목적으로 초공동 어뢰 개발에 착수하였다.', '러시아는 초공동 기술을 주로 어뢰 체계에 적용하는데 관심을 가지고, 구소련 시절인 1950년대부터 연구개발에 착수하여 Shkval이라 명명된 고속로켓 어뢰를 1970년대 말부터 실전배치하였다.', '러시아서두에 언급한 바와 같이 해수흡입 추진기관을 초공동 어뢰에 적용한 사례는 러시아의 쉬크발이다.', '러시아의 초공동 어뢰인 쉬크발(Shkval)의 경우 초공동 현상 발생장치와 해수흡입 추진기관을 조합하여 약 200노트의 속도를 내는 것으로 알려져 있다.', '로켓 추진방식으로는 일반적인 고체로켓 추진 방식을 사용할 수있는데 실제 독일의 초공동 어뢰 Barracuda와 미국에서 개발중인 것으로 알려진 Supercav에 적용된 바 있다.', '먼저 수중 표적 탐지기술 같은 경우에는, 음향센서를 어뢰 내부에 탑재해야 하는데, 초공동 어뢰는 이 음향센서를 해수와 접촉하는 유일한 부분인 캐비테이터 내부에 위치시켜야 하는 문제가 발생한다.', '무인항공기는 전자기파, 무선전신 등의 과학기술적 업적을 바탕으로 무선조종 개발에 힘입어 1910년대부터 공중발사 어뢰, 강습무인기, 공중타겟, 정찰무인기 등으로 활용되어왔다.', '미 해군에서 사용되는 Whitehead 어뢰의 최종모델인 Whitehead Mk 5는 이 개념으로 작동되며 27 노트의 속력으로 4000 야드의 거리를 주행한다.', '미 해군은 수중드론 탑재 수중무장으로써 지능형 자율어뢰, 자율 자항기뢰, 소형미사일 등을 개발하고 있으며, 수중드론에서 운용할 수 있도록 기존의 수중무장을 개량하는 여러 가지 프로젝트도 수행하고 있다.', '미 해군의 도전은 현세대 어뢰를 개선하는 것뿐만 아니라 차세대 수중무기를 위한 새로운 기술을 개발하는 것으로 속도, 스텔스 기능, 그리고 새로운 교전개념을 적용함으로서, 현대식 어뢰는 우리의 적에 대하여 명백한 우위를 유지하는데 필요한 능력을 지속적으로 제공할 것이다.', '미국 해군은 소련이 고속 심해잠수 위협인 알파급 잠수함을 취역시켰던 1972년에 Barracuda란 명칭으로 Mk 50 어뢰의 개발을 시작하였다.', '미국에서는 2차 대전 말기에  전기추진 방식의 음향호밍어뢰가 실전에 배치되면서 수중유도무기로서 어뢰의 위상이 정립되는 출발점이 되었다.', '미국의 수중드론 개발현황미 해군은 순항 미사일, 어뢰, 지뢰 및 소형 UUV로 무장한 초대형급 수중드론을 목표로 오르카(Orca) XLUUV를 개발하고 있다.', '반면, 러시아의 초공동 어뢰 Shkval 같은 경우에는 해수 흡입형 로켓추진기관을 사용하는데, 이 방식은 해수를 흡입해서 해수로부터 산화제를 얻어내고 해수와 쉽게 반응하는 금속 분말 연료를 연소시켜 강력한 추진력을 만들어 낸다.', '배기가스에 의한 항적이 없는 것은 물론, Mk 18과 같은 전기식 어뢰는 열기관 어뢰의 제작에 소요되는 노력의 70 % 수준만으로 완성이 가능하였다.', '본 내용에서는 미국 어뢰개발에 대한 이해를 돕기 위하여 어뢰개발의 역사 및 미래 발전전망 등에 대한 현황을 개략적으로 살펴보고자 한다.', '본 소개글에서는 항적추적어뢰 항적탐지 기능에 대해 기만 능력을 가지는 기포항적 생성기술 확보를 위해 요구되는 세 가지 핵심기술에 관하여 보다 자세하게 살펴보고자 한다.', '본 연구를 통해 확보한 핵심기술은 후속 개발될 항적추적어뢰 기만기체계 개발에 적극 활용되어, 한국 해군 수상함의 생존력 증대에 기여할 수 있기를 기대한다.', '본 연구팀에서는 항적추적어뢰의 항적탐지 기능에 대해 기만 능력을 가지는 기포항적을 생성시키기 위하여 필요한 3가지 핵심 기술을 다음과 같이 식별하였다.', '본 연구팀은 기포층에 의한 음파 산란, 음파 흡수, 감쇠 및 음속변화 등 기포층의 음향 성능변화에 집중하여 음향탐지 모델 개발에 주력하였으며, 어뢰체계 탐지/로직 등 유사과제 개발 경험을 바탕으로 실제 전장환경에 근사한 기만 효과 구성 모델을 성공적으로 구축하였다.', '본 연구팀은 이를 몬테카를로 방법(Monte-Carlo method)을 통해 항적추적어뢰 공격에 대한 기만 효과를 통계학적으로 분석하였다.', '본지에서는 항적추적어뢰를 기만할 수 있는 방법 중 하나로, 그림 1과 같이 인공적인 기포항적을 수상함 항적 인근에 생성시켜 항적추적어뢰의 추적을 방해하는 방법을 소개한다.', '사출모타는 작동 후 어뢰로부터 분리된다.', '설계의 수정/보완을 통하여 생산을 위한 계획이 병기감실에 제출되었고, 시험을 위하여 2발의 어뢰가 제작되었지만 추후에 어떠한 조치가 이루어졌는지에 대해서는 더 이상의 기록이 없으며, NTS의 어뢰(Fish Torpedo) 사업은 1874년에 종결되었다.', '셋째, “기포항적 생성 모델링 기술”은 측정된 자료를 모델화하여 항적추적어뢰 기만 효과 분석하기 위한 기술로, 기만 효과에 필요한 구성 모델을 연구하고 통계학적 방법으로 항적추적어뢰에 대한 기만 효과를 분석하는 기술이다.', '수동 음향호밍 어뢰 개발  1943년, 종말호밍을 하는 음향어뢰(GNAT: German Naval Acoustic Torpedo)를 독일해군이 사용하고 있다는 사실이 연합군에 알려지게 되었다.', '수반응 금속연료 추진제 개발  수반응 금속연료 추진제는 초공동 어뢰의 핵심 구성품으로서, 금속 기반의 연료과농 고체 추진제가 물과 화학반응을 할 때 생성되는 열과 추력을 이용한다.', '수상전력은 유도탄정, 어뢰정, 경비정, 화력 지원정 등 대부분 소형 고속함정으로 구성되어 있으며, 지상작전과 연계하여 지상군의 진출 지원과 연안 방어 등의 임무를 수행한다.', '수상전력은 유도탄정, 어뢰정, 소형경비정 및 화력지원정 등 대부분 소형 고속함정으로 구성되어 있으며, 지상작전과 연계하여 지상군 진출을 지원하고 연안 방어 등의 임무를 수행한다.', '수상전력은 유도탄정, 어뢰정, 소형경비정, 화력지원정 등 대부분 소형 고속함정으로 구성되어 있으며, 지상작전과 연계하여 지상군 진출을 지원하고 연안 방어 등의 임무를 수행한다.', '수상함과 수중 유도무기, 기만기에 대한 시나리오 조건을 설정하고, 해양환경에 따라 임의적으로 달라질 수 있는 조건을 확률적 변수로 적용하여 항적추적어뢰 공격에 대한 기만 성공률을 반복적으로 도출하였다.', '수상함의 경우 운동모델 및 어뢰 경보거리를 초기변수로 적용하였고, 수중 유도무기는 탐색방식, 운동모델, 초기발사조건 등을 초기변수로 적용하였다.', '수중로켓 추진기술  초공동 어뢰는 초공동 상태까지 도달할 수 있는 강력한 초기 발사속도와, 200노트 이상의 초고속 주행을 위해 에너지 밀도가 매우 높은 로켓 추진방식이 필요하다.', '순항 심도에 도달한 초공동 어뢰는 시동부스터를 점화하여 순항 속도인 100m/s까지 가속한다.', '시동부스터는 어뢰를 순항 속도까지 가속시키는 역할과 함께 수반응 추진제를 점화시키는 역할도 동시에 수행하며, 시동부스터의 작동 중단에 따라 연소실로 유입된 해수는 수반응 추진제 연소가스와 반응하여 추력을 발생시키게 된다.', '어뢰 기술의 발전 전망  수 만 톤에 이르는 전함과 항공모함을 비롯하여 적게는 수백 톤에 이르는 고속정에 이르기까지 단 몇 번의 공격으로 날려 보낼 수 있는 것이 바다에서 전쟁을 치르는 우리 인류의 오랜 꿈이었을 것이다.', '어뢰 체계의 형상 제한 조건에 따라 수반응 추진제 끝단의 면적은 정해지므로 수반응 추진제의 연소속도가 해수흡입 추진기관의 추력을 결정한다.', '어뢰(魚雷)라는 용어는 한자로 어형수뢰(魚形水雷)의 줄임말이고 영어로는 ‘Torpedo’라고 불린다.', '어뢰는 현재 세계 각 국의 해군에서 대 잠수함 또는 대 수상함 전을 위한 수중유도무기체계로 운용되고 있다.', '어뢰발사관에 장치된 증기 터빈은 발사 이전에 플라이휠을 가동시켰으며, 해군은 전술적인 용도로 50발만 생산하였다.', '에서 미 해군을 위한 어뢰개발과 제작관련 사업은 1920년대 초기에 모두 종료되고, Newport의 어뢰창이 어뢰 연구개발, 설계, 제작, 정비 및 시험에 관한 중심 기관이 되었다.', '여기에서는 초공동 무기체계 중에서도 주로 초공동 어뢰 체계에 해당하는 핵심 소요기술에 대해서만 살펴보기로 한다.', '열전지 관련 기술의 발전으로 앞으로 미사일, 어뢰 등 다양한 분야에서 활용이 확대될 것으로 예상된다.', '영국해군은 1869년 자국 해역에서 Whitehead 어뢰의 성공적인 실탄시험을 확인하고 Whitehead 어뢰에 관심을 가졌으며, 프랑스, 독일, 이태리, 러시아, 중국 해군은 영국해군에 이어서 Whitehead 어뢰를 구입하였으며, 순식간에 Whitehead 어뢰는 전 세계를 대상으로 수출되었다.', '이 무렵부터 미국에서는 신형 대잠 무기체계 개발에 대한 대대적인 투자가 이루어졌고, 어뢰 기술이 획기적으로 발전하는 계기가 되었다.', '이 분과의 첫 번째 목적은 잠수함의 정확한 탐지와 대잠장치에 관련된 모든 요소와 현상들을 가능한 완벽하게 연구하여, 수중음향의 모든 단계에서 체계적인 연구를 바탕으로 2차 대전 기간 동안에 음향호밍어뢰의 실용개발과 배치를 가능하도록 기초 작업을 하는 것이었다.', '이 수중원자력 플랜트의 첫 번째 군사적 적용은 거대한 포세이돈 자율 핵어뢰 추진시스템의 동력원을 제공하는 에너지원이다.', '이 어뢰는 표적함의 추진기 캐비테이션에서 발생되는 소음에 의해 표적을 접촉하고 호밍하게 된다.', '이 연구소에서 개발한 어뢰는 Whitehead 어뢰와 유사하여, 6~8 노트의 속력으로 400 야드 거리를 주행 할 수 있었다.', '이 예제에서는 운용개념 분석을 통해 임무수행 영역을 대잠전, 대어뢰전, 대함전, 대공전으로 분류하고  각각의 수행영역에 8, 8, 5, 6개의 탑재체계 대안을 상정한다.', '이 항적을 탐지하는 기술을 개발하여 표적탐지 수단으로 이용하면 표적은 어뢰 공격에 대항하기 위한 마땅한 대응수단이 없어지게 된다.', '이는 잠수함 발사 탄도 미사일(SLBM)의 약 2배, 일반 중어뢰의 30배 크기 정도로서 주요 제원 및 사양은 표 1에 주어져 있다.', '이는 현재 유인 핵잠수함이 수행하는 임무를 대신하여 수행할 수 있는 것으로 간주되고 있으며, 순항 미사일 및 어뢰 발사 플랫폼 또는 기뢰 부설 등 임무를 수행할 수 있을 것이다.', '이때 만재 배수량 = 베이스 중량 + 조합에 참여하는 구성요소 중량 + 기타 중량 (유형1의 예제에서는 경어뢰와 중어뢰 관련 시스템과 무장의 중량)이다.', '이란은 2006년 4월 2일과 3일 양일에 걸쳐 자체개발 초공동 어뢰인 후트의 발사시험을 진행하였고 성공적으로 목표물에 타격했다는 영상을 공개하였다.', '이러한 과정을 통하여 도출된 해수흡입 추진기관 기술이 초공동 형성 및 제어 기술과 통합된다면 향후 요격어뢰 혹은 중어뢰 기술 등으로 발전 가능할 것으로 판단되며 추진기관 기술에 대한 개발 뿐 아니라 운용개념 및 적용 체계에 대한 연구 개발이 종합적으로 이루어져야 요소기술이 활용될 수 있는 것으로 판단된다.', '이러한 문제를 보완하기 위하여 그림 1과 같이 중요한 시설 보호를 위하여 고정식 발사 플랫폼을 활용하거나 수상함에서 발사하는 개념이 제안되고 있으며, 이란의 초공동 어뢰인 후트(Hoot)의 경우 수상함에서 시험 발사하는 장면을 확인할 수 있다.', '이러한 배경으로 대잠 경어뢰의 개발이 시작되었고, 회전익/고정익 항공기에서 사용하기 위한 대잠 경어뢰를 확보 할 뿐만 아니라 저속이나, 상대적으로 정숙한 잠수함을 대상으로 어떤 형태의 초계함정에서도 사용의 가능성을 확보하였다.', '이러한 전투용 수중드론은 미사일, 어뢰, 기뢰 등을 탑재하여 대잠전, 대수상함전, 대기뢰전 및 대지전 등 다양한 성분작전 임무를 수행할 예정이다.', '이를 Python 스크립트 언어와 접목하여 어뢰가 잠수함을 탐지하는 센서 정보를 재구성하고 다양한 관측자 각도와 방향에서 어뢰와 잠수함간의 조우상태를 볼 수 있도록 시연되었다.', '이어 국방과학연구소 해양기술연구원에서는 미사일연구원과 함께 2019년부터 2022년까지 선행핵심 과제를 통해 기포발생물질에 의한 기포발생 기술, 기포특성 측정 기술, 그리고 기포항적에 대한 항적추적어뢰 기만 효과를 분석하는 기포항적 모델링 기술 등 기포항적 생성을 위한 핵심기술을 확보하였다.', '이에 따라 1940년 미국 NDRC에서는 음향호밍어뢰를 개발하기 위한 과제를 지원하기로 결정하였다.', '이와 같이 대규모 해전을 통하여 어뢰라는 무기체계의 역할과 중요성이 인식되었으며, 추진성능의 향상과 더불어 탐지성능과 제어성능의 중요성이 대두되었고, 독일을 비롯한 각국에서 이를 위한 연구가 비밀리에 진행되었다.', '이처럼 신형 중어뢰의 탄두는 일반적으로 200~300kg 범위여서 1발 공격으로 대형 전투함을 효과적으로 격침시킬 수 있을 것으로 판단되어 더 이상의 탄두 대형화는 없을 것으로 예상된다.', '이처럼 자력으로 표적을 탐지하여 성공적인 공격을 하기 위한 어뢰에 요구되는 능력은 여러 가지가 있겠지만 어뢰의 특성을 대표할 수 있는 요소를 살펴보면 다음과 같이 정리할 수 있다.', '인간의 창의력과 기술의 발전이 부유기뢰와 Spar 어뢰에서 오늘날 함대에 배치된 높은 기술 수준의 음향호밍 어뢰로 수중무기를 발전 시켰다.', '잠수함 (중어뢰, 잠대함유도탄, 기뢰 등을 탑재)이지스 구축함 (대공·대유도탄·대함·대잠전 등을 동시에 수행할 수 있는 능력 보유)5.', '적이 가까이 오도록 기다리는 것 보다는 표적방향으로 주행하여 공격하도록 한 그의 설계는 어뢰에 예전과는 다른 개념의 설계가 적용되는 전환점이 되었다.', '전기식 어뢰는 공기탱크가 전지부로 교체된다는 점에서 이전의 기계식어뢰와 다르고, 엔진과 부속품들은 전동기로 대체되었으며, 사용 가능한 전원과 전기식 제어가 일반적으로 적용되었다.', '차세대 대잠 경어뢰는 1952년경에 시작된 동시개발 프로그램인 EX-2로부터 발전되었고, 1956년 가을에 Florida의 Key West에 소재한 Naval Ordnance Unit(NOU)에서 기술 평가를 실시한 후에 후속개발 및 양산과 함대 배치를 위한 모델을 선정하고, Mk 44로 명명되었다.', '초공동 무기체계는 2차 세계대전 후 1950년대부터 주로 구소련(현 러시아)을 중심으로 본격적인 연구가 수행되었으며, 1970년대 후반에는 러시아에서 최초의 직주형 초공동 어뢰인 Shkval을 개발하여 실전배치하였다.', '초공동 발생/유지 기술  초공동 어뢰가 초공동 상태를 유지하면서 고속 주행하기 위해서는 무엇보다 초공동을 안정적으로 발생시키고 유지시키는 기술이 중요한데, 이를 위해서는 공동 발생 장치 즉, 캐비테이터(cavitator)가 필수적이다.', '초공동 상태에서의 탐지기술  초공동 어뢰가 무기체계로서의 효용성을 극대화하기 위해서는 초공동 상태에서 수중 표적을 탐지하고, 추적할 수 있는 유도/제어 기술이 필요하다.', '초공동 어뢰 체계를 위한 핵심 소요기술은 크게 초공동 발생/유지 기술, 수중로켓 추진기술, 초공동 상태에서의 탐지기술 및 유도/제어 기술로 분류할 수 있다.', '초공동 어뢰 체계에 대한 연구로는 ONR 주도로 대어뢰요격용(anti-torpedo) 초공동 어뢰 개발을 위한 “SUPERCAV ATD” 프로그램이 진행되어, 2002년 Euro Naval 전시회를 통해 개발업체인 Lockheed Martin 사가 시험발사체를 공개하였다.', '초공동 어뢰는 발사관에서 발사된 후, 사출모타를 통해 초기 가속되며 순항 심도까지 이동한다.', '초기의 어뢰는 주로 수상함에 탑재되어 적 수상함을 근거리에서 육안으로 식별한 후 무유도 직진으로 공격하는 형태였으며, 추진방식으로는 압축공기와 경유를 에너지원으로 사용하는 외연기관이 사용되었다.', '최근 어뢰는 음향추적 기능과 함께 항적추적 기능을 추가하여 운용한다.', '추진제 이송시스템 개발  해수흡입 추진기관의 경우 어뢰의 속도로 인한 유입되는 유체의 동압을 통하여 유체가 연소기 내부로 분무되고 이를 바탕으로 추진력을 얻는 것으로 알려져 있다.', '캐비테이터는 초공동을 발생시키기도 하지만 동시에 초공동 어뢰에 항력으로 작용하는 부분이기도 하다.', '통상적인 어뢰의 경우에는 방향타(control fin)을 통해 자세 및 운동제어가 가능하지만, 초공동 어뢰의 경우 공동의 형상이나 어뢰의 자세에 따라 방향타의 일부 또는 전부가 공동에 잠기게 되어 제어가 보다 어려워지게 된다.', '특히 북한은 잠수함정과 신형 어뢰 개발을 지속하는 등 비대칭 전력에 의한 수중 공격 능력을 향상시키고 있다.', '특히 신형 어뢰 개발에 이어 탄도미사일 탑재가 가능한 신형 잠수함 등 새로운 형태의 잠수함정을 지속 건조하는 것으로 보이는 등 수중공격 능력을 향상시키고 있다.', '특히 초공동 어뢰가 침로를 변경할 경우, 캐비테이터 받음각 및 어뢰 자세 변화로 인해 공동 형상이 비대칭적으로 변화하고 몸체의 일부가 공동을 벗어날 수 있다.', '특히, 2010년에는 천안함을 어뢰로 공격하여 침몰시키고 연평도에 무차별 포격을 가하는 도발을 자행하였다.', '특히, 러시아의 초대형 수중드론인 자율 핵어뢰와 드론 핵잠수함 등의 제원 분석과 특징을 살펴보았으며, 핵 억지력의 다변화를 위해 핵무장까지 탑재하여 운용할 수 있는 수중드론의 한계가 어디까지인지 또한 미래 수중전쟁은 어떻게 수행될 것인지에 대한 스스로의 질문에 해답을 얻을 수 있었다.', '파괴위력  영국은 Spearfish에 적용된 것과 같이 어뢰의 탄두를 Omni-directional 폭발과 지향성 폭발이 가능하도록 개발하여 수상함과 잠수함 표적에 따라 폭발 모드를 선택하여 발사함으로서 파괴위력을 극대화 시키고 있다.', '표적탐지와 정밀유도 능력은 M&S 환경에서 충분히 연구하고 전투실험상으로 HILS(Hardware In the Loop Simulation)를 수행함으로써 어뢰의 실제 능력을 검증할 수 있을 것이다.', '하지만 이러한 초공동 어뢰의 경우 소음이 크고, 상대적으로 사거리가 짧으며 유도기능이 제한적이라는 단점이 존재한다.', '한국 해군이 항적추적어뢰의 위협으로부터 한시라도 빠르게 벗어나기 위해서는 후속 연구수행이 시급히 요구되는 상황이다.', '항적추적어뢰 기만 효과를 분석하기 위해서는 기포발생물질과 기포항적 모델 외에도 매우 많은 구성모델이 필요하다.', '항적추적어뢰가 공격하는 것을 수상함에서 식별하게 되면, 수상함은 회피 기동 및 음향 기만기를 투하하는 등 어뢰공격에 적극 대응하는데, 기포항적을 이용한 기만 대응을 수행함에 따른 아군 수상함 생존률의 변화 정도를 시나리오 조건에 따라 분석하였다.', '항적추적어뢰는 항적탐지 기능을 이용하여 수상함 항적을 추적하여 공격하는 어뢰로, 항적이 존재하는 수상함에게는 매우 치명적인 위협을 가하는 수중 유도무기이다.', '항적추적어뢰는 현재 존재하는 기만기 주파수 보다 높은 고주파의 항적탐지기를 이용하여 근접거리의 항적을 탐지하며 추적하기 때문에 현재 개발되어 있는 부유식/자항식 기만기로는 대응이 불가한 것이 현실이다.', '항적추적어뢰의 공격을 효과적으로 방어하기 위해서는 원하는 심도에서 원하는 크기를 가지는 기포를 원하는 시간 내에 발생시켜야 한다.', '해당 순항 속도에서는 초공동 어뢰의 운동으로 인해 초공동 어뢰 입구에서 약 50bar에 이르는 고압으로 해수를 흡입하게 되며, 흡입된 해수는 해수흡입 연소기의 인젝터와 수반응 추진제 이송을 위한 피스톤으로 공급된다.', '현대식 구조의 어뢰는 1866년 Robert Whitehead가 오스트리아의 해군 장교 Giovanni Luppis와 아들 John의 도움으로 개발하였는데, 폭약을 장착한 상태로 표적을 향하여 수상에서 발사되어 수중을 주행한 후 충격폭발에 의하여 표적을 파괴하도록 고안되었다.', '현대식 어뢰는 20세기 해전의 핵심적인 요소 중의 하나이고, 단 한 발로 함정과 잠수함을 무력화하는 어뢰의 성능은 항상 해군 지휘관들의 마음속에 자리하고 있다.', '현재 수중유도무기(어뢰)를 대상으로 유도제어부 등 전자장치 공급전원 이외에 추진모터에 필요한 출력(power)을 열전지로 공급하는 기술에 대한 연구를 진행하고 있다.', '현재까지 개발된 초공동 무기체계로는 대표적으로 초공동 탄환(supercavitation ammunition)과 초공동 어뢰(supercavitation torpedo)를 들 수 있는데, 모두 초공동 기술을 이용한다는 기본 개념은 동일하지만 소요되는 핵심기술에 있어서는 조금씩 차이가 있다.', '회전하는 플라이휠이 자이로스코프 효과를 만들어 내며, 방위각 편차는 어뢰가 코스를 벗어났을 때 어뢰의 기울기를 감지하는 단진자에 의해 조정되며, 타와 연동되어 있다.', '후에 열기관(hot running) 어뢰를 만들었으며, 이 장치는 성능을 향상시키기 위하여 압축공기를 가열하는 연소실을 사용하였다.']"
연안전투함,['국방과학기술플러스 250호'],['따라서 최근에는 소해 작전을 연안전투함(LCS)의 복합 임무 모듈중 하나로 편성하여 무인 수상정을 이용한 소해 개념을 적용 중에 있다.']
울산급 호위함,['국방백서'],"['울산급 호위함, 3천톤급 잠수함 등을 전력화하여 수상 및 수중작전 능력을 강화하고 대형수송함, 상륙함 등을 추가 전력화하여 상륙작전 능력도 향상시켜 나갈 것이다.']"
잠수함발사 탄도미사일,['국방백서'],"['2015년 5월부터 2016년 8월까지 시험발사를 4차례 공개하는 등 잠수함발사 탄도미사일 개발을 지속하고 있다.', '북한은 2016년 두 차례의 핵실험과 장거리 미사일, 잠수함발사 탄도미사일(SLBM3))을 포함하여 연이어 미사일 발사를 감행함으로써 역내 안보 위협을 심화시켰다.', '잠수함발사 탄도미사일 발사 (함남 신포)10.19.', '잠수함발사 탄도미사일(SLBM)은 북극성 계열과 잠수함 발사형 전술유도탄(북한판 이스칸데르 파생형)을 시험발사 하였으나, SLBM 운용이 가능한 잠수함은 개발 단계로 평가된다.', '정부, 북 탄도미사일 발사규탄 및  대화·외교 촉구잠수함발사 탄도미사일 발사 (함남 신포)5.7.', '함남 신포에서 잠수함발사 탄도미사일 발사2022.', '함남 신포에서 잠수함발사 탄도미사일발사2022.']"
장갑차,"['국방과학기술플러스_235호(2017년+1분기)', '2021_국방과학기술플러스_253호', '국방과학기술플러스_247호(20년도+1분기)', '국방과학기술플러스_242호(2018년+4분기)', '국방백서', '국방과학기술플러스_248호(20년도+2분기)', '국방과학기술플러스 250호', '259호_국방과학기술플러스']","['1980년대 이전의 국내 지상전투차량은 M계열의 전투차량을 해외에서 도입운용 하였고, 1980년 후반부터 국내 자체개발에 의한 전차/장갑차 등이 전력화 운용되고 있다.', '[그림 7] M1299 차세대자주포국내의 경우는 1999년 12월에 K9자주포가 전력화된 후, K10 탄약운반장갑차가 2006년에 개발되었고, K55자주포와 K9자주포 성능개량(PIP11)) 사업으로 K55A1, K9A1이 각각 개발되었다.', '[그림2,3,4] 지상 플래폼의 경우 비교적 저출력 레이저는 차륜형/궤도형 장갑차에 탑재하고, 고출력 레이저는 트럭 탑재형으로 개발이 진행 중이다.', '대표적으로 대전차 유도무기는 전차 이외의 표적에도 효과적인 이중목적 탄두 혹은 다목적 탄두를 적용하며, 장착하는 플랫폼도 항공기, 헬기, 장갑차 및 일반 전투차량 등으로 다양화 하고 있다.', '둘째,해군은차기호위함, 차기고속정, 차기상륙함, 상륙돌격장갑차를노후대체전력으로확보하며, 대형수송함과소해함6) 추가확보사업을추진한다.', '따라서 앞으로 사거리가 더욱 증대되고, 헬기뿐만 아니라 차량이나 장갑차 탑재용으로 계열화 개발이 진행된다면 이스라엘의 SPIKE 계열과 같이, 무선 데이터링크 적용도 고려해볼 수 있다.', '또한, 2021년 11월에는 레바논 군에 바라쿠다 장갑차 10대를 무상 양도하였으며 지속적인 연합훈련을 통해 레바논군의 역량강화를 지원하고 있다.', '무인포탑 기술은 미래의 유사체계(전차, 장갑차, 자주포, C-RAM)의 자동화 포탑 모듈 개발에 활용 가능한 장점이 있다.', '이외에도 ‘인공지능 기반 시각적 부분 가림 물체 자동 식별 기술’과제를 통해 50%이상의 은폐/엄폐한 전차, 장갑차 등의 물체에 대하여 70%이상의 인식 정확도를 달성하기 위하여 연구를 수행중이다.', '이전에는 항공기, 공병장비 위주로 양도하였으나 2013년 이후 초계함, 상륙장갑차, 함포 및 함포탄 등 다양한 군수품의 양도가 이루어지고 있다.', '장비 현대화와 관련해서는 2008년부터 차세대 장갑차(ZBD형)와 Z-10 공격용 헬기를 배치하고 있으며, 2010년에는 최신형 전차(T-99)를 실전 배치하였다.', '전차(K2)/장갑차(K21)에서도 디지털제어 방식을 적용 중이나 1차원 센서/명령신호를 기반으로 하는 방식이며, 지상로봇에서는 2차원의 영상신호를 저지연/실시간 전송 및 피드백제어에 활용하는 확장된 디지털제어 방식이 적용되고 있다.', '전차, 장갑차와 같은 유인체계를 대상으로 하는 임무통제 기술은 하나의 체계를 여러 명의 운용자가 효과적으로 운용하기 위하여, 수집된 정보의 가시화 및 운용을 위한 인터페이스 등에 대한 기술 개발이 이루어져 왔다.', '주요전력은에이브라함전차,17) 브래들리장갑차,18) 155미리자주곡사포,다련장로켓과패트리어트19)를포함한지대공유도탄, 아파치헬기,20) F-16전투기, 대전차공격기등이다.', '지상분야는 종심지역 정밀타격능력과 기동작전 수행능력 강화를 위해 대포병탐지레이더-Ⅱ, 230㎜급 다련장, K계열 전차 및 차륜형장갑차를 배치할 것이다.', '지상전력 분야에서는 K-1/K1A1 전차, K-200 장갑차, K-277 지휘소용 장갑차, K-55 자주포 등의 성능을 개량한다.', '포탄 적재이송 자동화 기술탄약운반장갑차인 K56과 K10에 적용된 탄압지(Grip) 기술과 포탄 적재이송장치의 기구메커니즘 활용이 가능할 것이다.', '필리핀·방글라데시·카자흐스탄·인도네시아·페루·가나 등에 함정·상륙장갑차·항공기·불도저 등 불용 장비를 양도하였고 콜롬비아에도 불용 탄약을 양도하였다.', '한국형전투장갑차개발성공(ADD)▶1987.', '해병대의 경우도 그와 유사하게 공수강하시뮬레이터, 상륙돌격장갑차 KAAV 시뮬레이터, 합동화력 시뮬레이터, KUH-1 시뮬레이터 등과 같은 다양한 시뮬레이터를 보유하고 있으나 이것들은 개별 체계의 숙달 훈련 위주로 활용되고 있다.']"
장사정포,"['2021_국방과학기술플러스_253호', '국방백서', '국방과학기술플러스 Vol.256', '국방과학기술플러스_244호(2019년+2분기)']","['2006년에는 서울 불바다 발언으로 인한 장사정포대응 무기체계개선 TF15)가 구성되었고, 연구결과에 따라 ‘K9 전자신관 적용 사통장치체계 개선’을 수행하여 현재 K9A1 성능개량 자주포에 적용하고 있다.', '방호전력은 핵\u2006・\u2006미사일, 장사정포 및 다양한 공중위협에 대한 탐지\u2006・\u2006추적\u2006・\u2006요격능력을 보강하고, 전자기 펄스(EMP3)) 및 화생방 방호 능력을 점진적으로 보강할 것이다.', '북한은 대량살상무기, 특수부대, 장사정포, 수중전력, 사이버전 능력을 포함한 비대칭 전력의 집중적인 증강과 재래식 전력의 선별적인 증강을 추구하고 있다.', '우리나라 수도권의 최대 위협으로 간주되는 북한의 장사정포인 170mm M1989 자주포와 240mm M1991 방사포의 경우 사거리가 60km에 달하여, 70km이상의 초장사정 포탄 개발이 시급한 실정이다.', '이밖에도 적의 장사정포를 무력화하는 대화력전훈련과 적 특수전부대의 해상침투에 대비한 해상침투 저지훈련을 실시하고 있다.', '이와 동시에 개전 초부터 북한의 장사정포와 미사일 등 핵심전력을 정밀타격하여 수도권의 안전을 확보하고 최단시간 내에 전쟁 주도권을 장악할 것이다.', '지상전력은 북 핵\u2006・\u2006WMD 위협에 대응하기 위한 고위력\u2006・\u2006초정밀 지대지미사일 전력과 수도권 위협 장사정포 위협에 대응하기 위한 대화력전 수행전력을 확보할 것이다.', '특히 남한에 대한 군사적 우위를 확보하기 위해 핵, 미사일 등 대량살상무기와 장사정포, 수중전력, 특수전 부대, 사이버 부대 등 비대칭 전력을 집중적으로 증강하고 있다.', '특히, 북한의 미사일·방사포의 혼합사격에 대한 동시대응능력 확보를 위해 한국형 아이언돔인 장사정포 요격체계를 조기 전력화하여 복합 다층방어체계를 구축해 나갈 예정이다.', '한미는 심화된 북한의 장사정포 위협에 보다 효과적으로 대응하기 위해 주한미군의 대화력전 수행전력을 한강 이북 위치에 잔류시키기로 결정하였다.', '한반도에서 전쟁 발발시 북한군은 초기에 대량의 유도탄과 장사정포병 화력으로 국가 중요시설, 군사시설, 항만, 도로, 주요 도시 등을 파괴하여 초전에 기선을 제압할 것을 예상된다.', '핵\u2006・\u2006WMD와 장사정포 위협을 억제\u2006・\u2006대응할 수 있는 전력을 우선적으로 구축하고, 잠재적 위협에 대비하는 전략적 억제능력을 구비할 것이다.']"
저격수,['국방백서'],['한편 후방 향토사단 작전지역의 도시화와 적 특수전부대의 위협 증가에 대비하기 위해 예비군 저격수를 편성하였다.']
전략 폭격기,"['국방과학기술플러스 Vol.255', '국방백서']","['미 항공모함 및 함정 격침을 목표로 하며, 향후 핵잠수함, 전략 폭격기, 스텔스 폭격기에도 장착할 예정이다.', '스텔스 성능을 갖춘 전투기를 실전배치하였으며, 장거리·전략 폭격기의 개량사업을 추진하고 있고 중국 공군과 정례적 연합공중훈련을 통해 연합작전 능력도 강화하고 있다.']"
전익기,"['2021국방과학기술플러스(254호)', '국방과학기술플러스 250호', '국방과학기술플러스_238호(2017년+4분기)']","['90년대 후반 미국에서도 유사 기능의 상태감시 시스템을 허니웰(Honeywell)에서 개발하여 육군 회전익기(UH-60, AH-64, CH-47D)에 장착하였다.', '또한 2030년대 중반에 도입될 미래 회전익기인 FVL에서도 MUM-T 개념은 중요한 개발요소로 고려되고 있다.', '이러한 가격 경쟁력의 장점을 활용하기 위해 미국 GE 사의 최신 터보프롭 엔진개발에도 동 연소기 기술이 적용된 것으로 보고되고 있으며 프랑스의 경우, 오래전부터 슬링거 연소기 기술을 회전익기용 터보샤프트 엔진개발에 적용하고 있는 것으로 알려져 있다.']"
전자전기,"['국방과학기술플러스_248호(20년도+2분기)', '국방과학기술플러스 Vol.256', '국방백서']","['2015년 12월에 첫 비행이 수행된 이후 전자전기로서의 능력 확보를 위해 지속적인 개발이 이루어지고 있는 것으로 보이며, 현재까지의 형상적 특징으로 볼 때 주익 끝부분에 AN/ALQ-218과 유사한 전자전 관련 포드를 장착함으로써 이를 통해 레이더 신호를 수신/분석할 수 있을 것으로 판단된다.', '[그림 25] 미국 우주군 위성 탑재 재머 개념도[그림 26] 고출력 슈퍼 재머 개념도[그림 28] 원격지원 전자전기(SOJ)개념도[그림 29] 신호정보정찰위성 개념도[그림 27] 미 우주군의 고출력 통신재머적 위성 대응 방안으로 저궤도 위성 및 무인기에 탑재하여 운용되는 재머를 개발하는 방안이 있다.', '그림 28은 원격지원 전자전기의  운용개념을 보여준다.', '다음 내용은 각각의 전자전기에 대한 세부 내용을 나타낸 것이다.', '대형 항공기 플랫폼 기반의 전자전기원격지원 재밍을 주 임무로 수행하는 대형 항공기 플랫폼의 전자전기는 다음 그림 3에 나타낸 미국의 EC-130H 및 EC-37B와 러시아의 IL-22PP, 중국의 Y-9G 그리고 터키의 HAVA SOJ로 그 예를 들 수 있다.', '따라서, 원격지원 전자전기 보유는 수동적인 방어 에서 벗어나 능동적이며 공세적인 광역 전자교란을 통해 한반도 주변에서 전장 주도권을 확보할 수 있게 해주며, 잠재적 위협국에 대한 최선의 방어이자 공격이 가능한  무기체계라 판단된다.', '또한, 2014년도 이후부터는 중국, 구·소련, 러시아의 무인기를 변형하거나 복제한  모델을 이용한 북한 소형무인기의 침범이 다수 발생하고 있어, 중국의 스텔스 무인기를 이용한 한반도 상공 정찰, 중국의 항공 유인 전자전 무기체계는 한반도주변 에서 자주 목격되고 있는 정찰기와 전자전기로 대표된다.', '러시아의 IL-22PP Porubshchik은 2017년 8월 최초로 공개된 전자전기로 IL-22 ‘Coot-B’ 항공기를 기반으로 제작된 SIGINT 및 원격지원 전자전기이다.', '미래 전장 장악능력 확보를 위한 게임 체인저(Game Changer) - 전자전기앞서 언급한 요구능력을 보유한 원격지원 전자전기의 주요 임무는 아군의 다양한 작전수행시 필요한 적 레이더에 대한 전자공격과 적 무선통신망에 대한 전자공격으로 정의될 수 있다.', '아래 내용은 각각의 전자전기에 대한 세부 내용을 나타낸 것이다.', '원격지원 전자전기는 기존 자체보호 전자전장비와 호위용 재머와는 달리 수백km 에 달하는 신호정보 정찰 및 교란능력을 갖출 수 있는 전자전 무기체계 이다.', '원격지원 전자전기는 임무수행 아군기의 생존성 및 임무효율 증대와 개전초 압도적 공격능력 보유효과를 가져올 수 있다는 점에서 미래 전장의 게임 체인저(Game Changer)로서의 역할을 수행할 것으로 기대된다.', '이러한 원격지원 전자전기에 요구되는 임무를 고려한 주요 요구기능과 성능을 표 2에 나타내었다.', '이러한 측면에서, 주변국 전력 확대 및 향후 한반도 정세변화에 대비하여 우리나라 역시 전자전기 개발 및 확보를 추진하여야 할 때이다.', '이와 같은 추세에 맞추어, 본고에서는 전자전기 분류 및 특성, 국외 전자전기 개발/운용 현황 및 국내 전자전기 보유 의미 및 역할에 대해 살펴보기로 한다.', '이와 같이 개전 초 압도적 공격능력 보유효과 확보 및 전쟁 승패에 있어 결정적 요소가 된다는 점에서 전자전기는 미래 전장의 핵심요소, 나아가 미래 전장의 게임 체인저(Game Changer)로서 역할을 담당하게 될 것으로 판단된다.', '전략급 작전 수행 간 합동 전력의 생존성 보장 및 작전 성공율· 효율성 향상을 위해서는 공세적 광역교란을 위한 원격 지원 전자전 능력이 반드시 요구되며, 미국 등 국방 선진국 에서는 EC-130H 등의 원격지원 전자전기를 개발 및  운용하고 있다.', '전자전기는 전자공격을 수행하는 항공기로 정의할 수 있으며, 전자공격을 수행하는 방식에 따라 분류될 수 있다.', '중·장기적으로는 합동이동표적감시통제기 및 전자전기 전력화와 연계하여 감시통제비행전대와 전자전전대를 창설할 것이다.', '중국에서 운용 중인 전자전기로 성능과 관련된 자세한 내용은 알려지지 않았으며, 기본적으로 자체보호를 수행하는 것으로 판단되나 호위재밍도 수행할 수 있는 것으로 예측되고 있다.', '중국은 2010년 시안 항공사에서 Y-8 을 대체하기 위한 용도로 Y-9 수송기를 개발하여 공개한 이후, 육·해·공군에서 Y-9을 다양한 용도(수송기, 정찰기, 전자전기 등)로 개조하여 운용중 이다.', '중국의 Y-9G는 2014년에 최초로 공개된 전자전기이다.', '터키가 개발하고 있는 신형 전자전기 체계로 2018년 9월 터키의 전자장비 방산업체인 Aselsan사가 주 계약업체로 선정되면서 개발이 시작되었으며, 통신 및 레이더 전자공격장비가 탑재될 것으로 추정된다.', '특히 항공기의 기동성 및 광범위한 작전범위 특성을 이용한 전자전기를 지속적으로 개발하고 있으며, 최근 국내에서도 이러한 전자전기 개발에 대한 움직임이 활발해지고 있다.', '한반도 주변의 잠재적 위협 고려시, 적 방공망 무력화를 통한 제공권 장악 능력과 적 종심지역 무선통신망 교란 능력 확보를 위해서는 해외 선진국과 마찬가지로 원격지원 전자전기가 반드시 필요하다.', '현재 운용 중인 대표적 전자전기인 EC-130H Compass Call은 C-130H 항공기를 기반으로 개발된 적 방공지휘/통제 체계 마비를 위한 원격 통신교란체계이다.', '현재, 중국 육군은 Y-9 항공기를 수송기, 공군 및  해군은 전자전기 용도로 개조하여 운용 중인 것으로  파악되고 있다.']"
정찰기,"['국방과학기술플러스 250호', '국방과학기술플러스 Vol.256', '국방과학기술플러스_247호(20년도+1분기)', '국방백서', '국방과학기술플러스_242호(2018년+4분기)', '국방과학기술플러스 vol.260', '국방과학기술플러스_236호(2017년+2분기)', '국방과학기술플러스_246호(19년도+4분기)', '국방과학기술플러스 Vol.255', '261 국방과학기술플러스_최종안']","['1970년대 이후 미국은 U-2와 같은 유인 정찰기 대체용으로 중/고고도 장기체공 무인기 개발에 착수하였다.', 'GNSS 수신기 기만을 통한 정찰기 운항 방해보다 공세적인 방안으로는 중국 정찰기에 사용되는 위성항법장치(GNSS, Global Navigation Satellite System) 수신기를 전자파로 교란하여 정찰기의 운항을 방해하는  방법이 있다.', 'MAD 시스템은 해저를 운항하는 잠수함 등을 탐지하기 위한 장비로써 그림 19와 같이 정찰기의 꼬리부분에 장착하여 지구자기장의 왜곡을 측정하여 잠수함의 위치와 크기를 구분한다.', '“위성항법장치 수신기 교란기술” 은 크게  두 종류로 나뉘는데, “잡음재밍” 을 통해 위성신호 수신을  전체적으로 방해할 수 있으며, 다음으로, “기만재밍(스푸핑)” 을 수행하여 적 정찰기가 잘못된 위성신호를 수신하게 함으로써, 정상운항을 방해 할 수 있다.', '감시·정찰 능력을 향상시키기 위해 고고도 무인정찰기인 글로벌호크를 도입하고 중·장기적으로 정찰위성을 확보할 계획이다.', '고고도 무인정찰기 (HUAV) 사업북한 위협 및 미래 전장환경 변화에 대비한 정보수집 능력 확보를 위한 고고도 무인정찰기 확보 사업7.', '그림 10은 중국의 대표 적인 KADIZ 침범경로 이며, 그림 11은 Y-9 정찰기이다.', '그림 21은 적 정찰기에 대응하기 위한 위성항법수신기 기만 재머 형상(예)과 기만 재머 예상 위치로써, 해당 재머는 KADIZ 침범 경로주변에 배치되어야할 것이며, 기만  재머의 성능은 정찰기 종류, 접근 거리, 고도, 탑재된 항법수신기 등의 제원에 따라 결정될 수 있으리라 판단된다.', '극초음속 순항유도무기의 개발 완료 후에는, 작전 유연성 측면에서 정찰위성보다 더 유리한 극초음속 정찰기 및 전술타격용 비행체를 개발하는 것도 가능해질 것으로 보인다.', '또한, 2011년 12월에 이란 동부 국경에서 추락한 미군 RQ-170 Sentinel(무인정찰기)을 리버스 엔지니어링하여 이란이 개발한 Shahed-129 무인기[2]가 공개되었을 때, 그리고 2019년 Shahed-129의 변종인 공격무인기 Simorgh가 공개되었을 때, 미국의 안티탬퍼는 더욱 강화되었을 것임이 자명하다.', '또한, 2014년도 이후부터는 중국, 구·소련, 러시아의 무인기를 변형하거나 복제한  모델을 이용한 북한 소형무인기의 침범이 다수 발생하고 있어, 중국의 스텔스 무인기를 이용한 한반도 상공 정찰, 중국의 항공 유인 전자전 무기체계는 한반도주변 에서 자주 목격되고 있는 정찰기와 전자전기로 대표된다.', '또한, Lockheed Martin은 극초음속 정찰기인 SR-72 연구 과제를 2014년에 NASA로부터 수주한 바 있다.', '무기체계에서 안티탬퍼의 중요성은, 2001년 일명 “하이난 섬 사건”으로 불리는, 미 해군 EP-3E(SIGINT 정찰기, 그림 1)가 중국 J-8II 전투기와 충돌 후 미 승무원들이 11일간 억류되었다가 석방된 사건을 통해 크게 부각되었다.', '무인기 테러 사례1) 디코이 이용 신호수집 방해KADIZ를 침범하는 중국 정찰기의 주요 목적은 한반도內 레이더 등 방공망의 신호정보를 수집하는 것으로  추정되고 있다.', '위 사고는 RQ-4B T/N 09-2041 Global Hawk 고고도 무인정찰기의 사고사례이다.', '이 때  표적 영상 정보는 발사 전 가장 최근에 정찰기, 인공위성 등으로부터 획득된 영상으로부터 생성되어 메모리에 저장되며, 탐색기는 목표 표적물뿐만 아니라 표적지 근방의 지형 영상 정보를 이용하여 점차 표적으로 종말 유도를 수행한 후에 목표물을 최종 타격한다.', '이를 위해 다양한 형태의 유·무인정찰기와 다목적 실용위성을 점진적으로 확보할 것이다.', '이밖에도 일본에서도 MAD 시스템을 장착한 정찰기를 자체적으로 개발하였고 이스라엘에서도 MAD 시스템을 탑재한 무인기를 개발하여 운용하고 있다.', '이와 같은 추세는 드론, 무인 정찰기 등 항공 관련 무기체계 개발에서도 두드러지게 나타나고 있으며 선진국은 한시라도 빨리 전력화를 위해서 열을 올리고 있다.', '자기장 센서는 이미 오래 전부터 개발되어 쓰이고 있는 Hall 센서와 Fluxgate 등이 있으현대전에서는 레이더, 정찰기, 위성 등 적성국의 움직임을 파악하기 위한 감시정찰체계의 중요성이 점점 높아지고 있다.', '적 정찰기 KADIZ 침범은 영공 침범이 아니므로 잡음 재밍으로 운항을 방해한다면 국제 분쟁으로 이어질 가능성도 배제할 수 없다.', '전략적 수준의 감시와 조기경보가 가능하도록 공중 조기경보통제기를 확보하고 감시·정찰 능력을 강화하기 위해 전술정찰정보수집체계와 고고도 무인정찰기 등을 확보한다.', '정찰기와 같은 센서체계는 네트워크를 통하여 수집된 적 탐지 정보를 타 참여자에게 전파하고 계속적으로 정보를 갱신한다.', '정찰기와 위성은 적의 위치를 탐지한 후 정확한 표적 위치를 확인한다.', '주요 전력은 자주포·방사포 등 지상무기체계, 잠수함·구축함 등 해상전력과 MiG-31, Su-27 등 전투기와 정찰기를 배치하여 운용하고 있다.', '중국은 2010년 시안 항공사에서 Y-8 을 대체하기 위한 용도로 Y-9 수송기를 개발하여 공개한 이후, 육·해·공군에서 Y-9을 다양한 용도(수송기, 정찰기, 전자전기 등)로 개조하여 운용중 이다.', '첫째, 시험자원을 이동, 설치하는 데에 많은 비용이 소모되므로 중장기적으로 중고도 무인정찰기를 원격측정자료 수집, 광학계측, 통신 중계 등 시험계측에 활용할 수 있다.', '초기 대 잠수함 정찰기에 적용 된 AN/ASQ-10A는 1960년대 개발되었으며 당시 기술 수준으로 가장 정밀한 Fluxgate 자기장 센서를 적용한 것으로 판단된다.', '하지만, 이스라엘의 ELTA, IAI, Rafael 사의 장비에 의존하여 RF-16펠콘 유인정찰기, 송골매 무인정찰기, P-3C 성능개량기 등을 운용하였다.', '한국은 위성항법 기반 소형 무인정찰기의 접근 및  중요시설 촬영에 대한 방비가 미흡한 상태로써, 이에 대한 대응책이 시급하다.', '해당 개념의 원격운용 디코이는 평시 및 전시에 모두  운용될 수 있으리라 사료되며, 평시에는 중국 정찰기  출현 시 허위 레이더 신호를 송출하여 신호수집을 방해 하거나 오정보 수집을 유도할 수 있으며, 전시에는 주변국 대방사 미사일 대응을 위한 디코이(유인체)로 활용되어 아군 조기경보 레이더 및 지대공 미사일 기지를 보호할 수 있다.']"
정찰위성,"['국방과학기술플러스 Vol.258', '국방과학기술플러스 Vol.256', '국방백서', '국방과학기술플러스_242호(2018년+4분기)', '2021국방과학기술플러스252호', '국방과학기술플러스 249호']","['15년에 미 국방부가 공개한 보고서는 “중국이 통신위성과 감시정찰위성, 위성항법,  기상위성, 유·무인 행성탐사 등에 이르는 여러 민간 우주 프로그램 투자와 병행하여 지향성에너지 무기와 위성 재머 등과 같은 적(敵) 우주자산을 공격하기 위한 다양한 역량 들의 개발을 하고 있다”고 기술하고 있다.', '2월에 미 해군도 함정발사용 미사일(RIM-161 SM-3)을 발사하여 고장 상태로 궤도를 돌고 있던 자국의 한 정찰위성(USA-193)을 요격하는 데 성공하였다.', '[그림 22] 군 정찰위성 개념도[그림 23] 우주감시소 전경(마우이 섬)[그림 24] 광학 우주감시체계 개념도우주 전장감시체계는 평시에는 주변국 위협에 대비하여 도발 징후를 탐색하거나 정찰하고, 전시에는 군사 전략 정보를 수집하고 분석하는 핵심적인 역할을 수행한다.', '[그림 25] 미국 우주군 위성 탑재 재머 개념도[그림 26] 고출력 슈퍼 재머 개념도[그림 28] 원격지원 전자전기(SOJ)개념도[그림 29] 신호정보정찰위성 개념도[그림 27] 미 우주군의 고출력 통신재머적 위성 대응 방안으로 저궤도 위성 및 무인기에 탑재하여 운용되는 재머를 개발하는 방안이 있다.', '감시·정찰 능력을 향상시키기 위해 고고도 무인정찰기인 글로벌호크를 도입하고 중·장기적으로 정찰위성을 확보할 계획이다.', '게다가 현재와 같이 ‘우주발사체 액체연료 추진체’에 의해서만 정찰위성을 설치한다면 군사적으로 꼭 필요한 시기에 추가 정찰위성을 설치해야 하는 즉시성 문제를 해결할 수 없다.', '고출력레이저 위성추적체계는 자국 우주자산에 대한  추적·보호, 군 정찰위성 등 국가위성의 안정적인 운용 지원 및 미확인 우주물체에 대한 추적·감시능력 확보하여, 위성 정밀추적을 통해 적성 정찰위성에 대한 Soft Kill 능력을  확보하는 위성감시용 능동방어 체계이다.', '국방부는 2018년 2월 국가 중기 우주개발정책 기조와 계획을 수립하는 「우주개발 진흥 기본계획」 개정에 참여하여 정찰위성 확보와 우주감시기관 역량 강화에 대한 근거를 마련하였다.', '국방부는 2018년 국가 우주개발에 관한 중장기 정책 목표와 기본방향을 정하는 「우주개발 진흥 기본계획」 개정에 참여하여, 군 정찰위성 및 우주위협감시체계 개발 근거를 마련하였다.', '군 정찰위성 체계는 및 정밀 시각동기 등을 수행하여 항법체계의 전체적인  운용을 담당한다.', '그림 25에서 알 수 있듯이 미국 우주군은 정지궤도/저궤도 위성을 이용하여 적 정찰위성(ES/SIGINT)을 재밍하려는 개념을 지니고 있다.', '그림 29는 신호정보정찰위성의 운용개념도 이며, 신호정보정찰위성은 정지궤도 위성체에 초고감도 신호정보 수신장비를 탑재하여 고고도 환경에서 한반도 주변의 전략/전술 표적에 대한 광역 감시 및 실시간 신호정보를 획득하는 것이다.', '극초음속 순항유도무기의 개발 완료 후에는, 작전 유연성 측면에서 정찰위성보다 더 유리한 극초음속 정찰기 및 전술타격용 비행체를 개발하는 것도 가능해질 것으로 보인다.', '대표적으로 감시정찰위성 KeyHole 시리즈[ 5 ] 를 美국가정찰국( N RO ;  N a t i o n a l Reconnaissance Office)에서 운용하고 있다.', '더 많은 정찰위성이 필요하지만 이 문제는 예산의 소요와 즉시성 문제에 봉착한다.', '또한 북한의 도발 징후를 조기에 포착할 수 있도록 중\u2006·\u2006고고도 정찰용 무인항공기, 다목적 실용위성, 군정찰위성 등 독자적인 감시능력을 지속적으로 확충해 나갈 것이다.', '또한, 기술의 발전으로 초소형 위성의 대량 생산이 가능해짐에 따라 세계 각국은 저비용의 초소형 위성군(Mega Constellation) 발사를 계획하고 있어 향후, 아군의 군정찰위성 및 초소형 위성군의 안정적인 운영을 위해 우주감시가 요구된다.', '또한, 북한이 탄도미사일 개발능력을 활용하여 멀지 않은 시기에 정찰위성을 발사하여 한반도에 전개하여 미군의 전략자산이나 증원전력 현황을 촬영할 개연성 고려 시 이에 대한 감시가 요구되는 상황이다.', '물론, 사전에 저궤도 정찰위성이 탄도탄 발사 징후를 포착하여 제공하게 된다면 탄도탄 발사 탐지 신뢰성을 더욱 높일 수 있다.', '북한 핵·WMD 미사일 위협에 대응하기 위해 군정찰위성, 정찰용무인항공기, 다출처영상융합체계 등을 전력화하여 첨단·광역화된 원거리 감시정찰 능력을 구축할 것이다.', '북한의 도발 징후를 조기에 포착할 수 있도록 중·고고도 정찰용 무인항공기(UAV), 다목적 실용위성, 군 정찰위성 등 독자적인 감시능력을 지속적으로 확충해 나갈 것이다.', '이를 위해 2017년 7월 25일 제104회 방위사업추진위원회에서 군 정찰위성을 전력화하는 ‘4·25사업’55)이 심의·의결되어 ‘425사업추진기본전략’과 ‘체계개발기본계획안’이확정되었다.', '이를 통해 2020년 1기, 2021년 2기, 2023년 2기의 정찰위성 전력화가 이루어질 전망이다.', '전략표적 타격능력 구비를 위해 군정찰위성, 정찰용 무인기, 장거리 공대지유도탄, F-35A 등을 확보하여 감시능력과 장거리 타격능력을 확충해 나갈 것이다.', '정지궤도 신호정보 정찰위성은 주변국 지상, 해상, 공중에 대한 광역 전자 신호 수집능력을 확보할 수 있는 가장 확실한 방안이라  사료된다.', '정지궤도 신호정보정찰위성을 개발하고 운용하는 것은 거의 실시간으로 적 위협을 정찰하고 추적하여 표적화할 수 있는 능력을 갖추게 된다는 것을  의미하며, 아울려 지휘관의 군사 전략적 결심을 내리는데 결정적인 정보를 제공해 준다는데 그 의미가 크다 하겠다.', '정찰위성은 설치 후 활동기간이 제한적이기 때문에 군사적으로 필요한 정보를 얻기 위해서는 많은 수의 위성을 운영해야 하므로 예산이 많이 소요될 수밖에 없다.', '준중거리 탄도미사일 발사 (평북 동창리)* 정찰위성개발시험이라고 주장12.18.', '중국의 정찰위성은 Yaogan(야오간) 시리즈로 대표 된다.', '지상시스템은 위성의 정밀 궤도 추정 4) 정찰위성군 체계정찰위성 체계는 주변국의 전방위 위협에 대비한 신속한 징후감시 및 조기경보 능력 확보를 위한 것이다.', '지상의 전략표적 등을 획득하기 위한 감시정찰 능력을 확충하기 위해 군 정찰위성과 초소형 위성체계를 개발하고 있으며, 국가위성 개발사업에도 적극적으로 참여하고 있다.', '평북 동창리에서 준중거리 탄도미사일(북한은 정찰위성개발시험이라고 주장) 발사2022.12.', '평양 순안에서 대륙간 탄도미사일(북한은 정찰위성개발시험이라고 주장) 발사2022.']"
지뢰,"['국방백서', '국방기술플러스 251호', '국방과학기술플러스_242호(2018년+4분기)', '국방과학기술플러스 250호', '국방과학기술플러스_235호(2017년+1분기)', '국방과학기술플러스_247호(20년도+1분기)', '국방과학기술플러스 Vol.256']","['38)\u3000 Newspaper In Education지뢰도발\u2009부상\u2009장병\u2009시구\u2009및\u2009시타\u2009행사(2016년\u20096월)Thank\u2009you!', 'DMZ 일대에는 약 200만개의 지뢰가 묻혀있을 것이라 추정되며 이를 지뢰탐지병사들이 완전히 제거하기 위해서는 200년 이상 시간이 소요된다고 보고되었다.', '개발된 팔 근력보조장치를 착용한 후 지뢰탐지동작을 수행할 경우 이두근의 근활성도가 75% 감소되었다.', '과업을 수행하기 위한 임무장치는 주행장치, 감시장치, 무장장치, 지뢰탐지기 등이 있으며 식(10)에 적용하면 다음과 같다.', '관리구역내시설물건설실무회담통일각- 비무장지대공사를위한안전보장문제- 비무장지대지뢰제거작업동시착공문제•주요협의내용: 「남북군사보장합의서안」- 도로노선확정32차남북군사2000.12.5.', '국방과학연구소는 지뢰탐지병사 팔 근력보조를 위하여 그림 15와 같은 무동력 팔 근력보조 모듈을 개발하고 있다.', '그러나 남북 간의 군사적 대치로 인해 비무장지대는 각종 군사시설, 중화기, 지뢰 등이 밀집하여 세계에서 가장 중무장된 지역 중 하나로 변모하였다.', '그림 8에서 보듯이 기존 임무계획과는 달리 이동감시 과업에 대한 임무예비 협업과 지뢰탐지 과업에 대한 임무단축 협업을 적용한 로봇-과업 적합도 기반의 임무최적할당이 적용되었음을 확인하였다.', '근전도신호를 이용하여 지뢰탐지병사 보조를 위해 제작된 팔 근력보조 모듈 착용 유무에 따른 효과도를 분석하였다.', '남북 간 군사적 긴장상태는 2015년 8월 북한의 기습적인 비무장지대 지뢰·포격도발로 인해 최고조에 달했다.', '대신 지뢰탐지기 무게 지지는 등쪽에 위치한 중력보상부에서 담당한다.', '동작구현부는 지뢰탐지병사가 지뢰탐지기를 좌우로 스위핑 (sweeping)하는 동작을 구현한다.', '또한 DMZ 일대 유해발굴 작업을 동시에 진행해야함을 고려하여 현재는 병사에 의해 직접 지뢰탐지/제거 작업이 진행되고 있다.', '모션캡쳐시스템을 이용하여 획득된 지뢰탐지 병사의 운동데이터를 이용하여 그림 16에 제시된 것처럼 중력보상 요구 토크를 분석하였다.', '물론 개척전차 또는 폭파에 의해 지뢰제거 작업 속도를 증대시킬 수 있지만 이는 환경 파괴를 초래할 수 있다.', '미국의 수중드론 개발현황미 해군은 순항 미사일, 어뢰, 지뢰 및 소형 UUV로 무장한 초대형급 수중드론을 목표로 오르카(Orca) XLUUV를 개발하고 있다.', '북한의 비무장지대 지뢰·포격도발과 우리 군의 대응 213 3.', '실험은 1) 팔 근력보조 모듈 없이 통상적인 지뢰탐지동작을 하는 경우, 2) 팔 근력보조장치 착용 후 근력보조를 받으며 지뢰탐지동작을 하는 경우, 2가지 경우에 대해서 진행하였다.', '아세안 확대국방장관회의 산하에는 인도적 지원 및 재난 구호, 해양안보, 군 의료, 대테러, 평화유지활동, 인도적 지뢰대책 등 6개 분야의 전문가 워킹그룹이 활동하고 있다.', '예를 들어, 이동감시 과업은 지뢰탐지로봇 보다 감시로봇이 더 높은 적합도를 가져야 한다.', '이동과업은 주행장비, 지뢰탐지과업은 지뢰탐지기, 고정감시는 감시장비, 이동감시는 주행장비와 감시장비가 주장비가 된다.', '이러한 협약들은 인도주의적 관점에서 민간인 피해를 방지하기 위해 확산탄 및 지뢰의 생산·사용·비축·이전의 전면 금지는 물론 보유 중인 확산탄·지뢰의 완전 폐기까지 규정하고 있다.', '이를 위해 그림 17에 제시된 것과 같이 지뢰탐지기를 운용하는 팔 주요 근육에 근전도센서를 부착하였다.', '임무유형별 군사용 착용로봇 플랫폼 개발동향 ▒ 47[그림 15] 지뢰탐지 근력보조를 위한 착용형 근력보조모듈 구성 및 형상2) 핵심기술지뢰탐지기 무게보조를 위한 팔 근력보조 모듈은 크게 동작구현부와 중력보상부로 구성된다.', '자가기동형은 바퀴형, 궤도형 등의 형태로 개발되어 감시정찰, 수송지원, 지뢰제거 및 전투용으로 운용 중이다.', '지뢰탐지 근력보조 모듈1) 개요국방과학연구소는 2019년부터 민군기술협력사업을 통해 지뢰탐지 병사의 근력보조를 위한 엑소수트 시스템을 개발하고 있다.', '지뢰탐지 로봇은 감시장비의 IR이 작동되지 않아 중결함으로 식별된다.', '지뢰탐지 병사는 약 4kg 정도 무게의 지뢰탐지기를 들고 임무를 수행하는데, 고도의 집중력이 요구되는 지뢰탐지 작업동안 팔에 집중되는 지뢰 탐지기 부하는 팔 근육의 피로도 발생을 가속화하여 약 20분 이상 작업을 지속하지 못하게 한다.', '지뢰탐지 작업 보조 착용 모듈은 지뢰탐지기 (무게: 4kg) 운용 병사의 집중도 향상 및 작업효율 증대를 위해, 지뢰탐지병사 하박에 부착되어 팔 근육 힘을 보조해 줄 수 있도록 무동력 타입으로 현재 개발 중이다.', '지뢰탐지기 하단 구조물을 볼 조인트 끝단 홀에 삽입하는 간단한 조작으로 지뢰탐지기를 장착할 수 있으며, 볼 조인트 회전 운동에 의해 탐지 작업 시 지뢰탐지기 자세를 미세 조정할 수 있도록 설계하였다.', '지뢰탐지병사가 제안된 팔 근력보조 모듈을 이용하면 지뢰탐지기 운용 중 근육력 및 사용에너지가 감소되어 지뢰탐지 임무시간이 상당히 연장될 것으로 기대된다.', '캄보디아는 지뢰제거 분야에서 다년간의 경험을 갖고 있어 선진 장비를 갖춘 우리나라와 협력 시 시너지 효과를 얻을 수 있으며 이를 새로운 파병모델로 발전시킬 수 있다.', '탐지장비는 지하나 수중의 금속물체에 의한 지구자기장의 왜곡을 탐지하는 장비로써 주로 드론이나 무인기 등에 탑재하여 지뢰나 기뢰탐지 등의 위치를 검출한다.', '팔 근력보조 모듈 없이 통상적인 지뢰탐지동작을 하는 경우 다른 근육 대비 이두근이 가장 많이 활성화되었다.', '표 1은 로봇을 위해 정의된 과업의 예이며 대기, 이동, 지뢰탐지, 고정감시, 이동감시 등 총 5개 과업 종류가 있다.', '표 3의 지뢰탐지과업에서 감시장비, 무장장비가 해당하며, 이를 보조장비로 식별한다.', '하지 착용로봇 기술 외에도 국방과학연구소에서는 임무 특화 상지 기술로, 1) 임무장비를 어깨에 보다 쉽게 견착할 수 있는 무동력 임무장비 견착 모듈 및 2) 지뢰탐지 작업 보조를 위한 무동력 팔 근력보조 모듈에 대한 연구를 수행하였다.', '학교기관의 전투 자격인증제는 교육기간 중에 전투임무 수행 시 필수적인 유격·지뢰·폭파·인명구조·무도 등 9개 분야에 대하여 시행하고 있다.', '현재 우리나라에서는 남북경협 활성화를 준비하기 위하여 DMZ 일대 지뢰탐지/제거 필요성이 대두되고 있다.', '화생무기 폐기시스템 기술 동향화생무기는 독성의 화생물질과 이들을 투발하기 위한  포탄, 미사일, 지뢰 등의 투발 수단을 총칭한다.']"
천궁,"['259호_국방과학기술플러스', '국방과학기술플러스 249호', '국방과학기술플러스_248호(20년도+2분기)', '국방백서', '국방과학기술플러스_242호(2018년+4분기)']","['SM-3, GBI(Ground Based Intercepter)는 중간단계, 천궁-II, 사드(THAAD), 패트리어트(Patriot)는 종말단계 미사일 방어에 해당한다.', '그러나 천궁에 적용되는 4종의 열전지 중 점화용 열전지 1종에만 국내 개발 열전지가 적용되었고, 나머지는 도입 열전지가 적용되는 형태였다.', '그러나 천궁이나 해궁을 KF-X에 그대로 장착하기에는 너무 무겁거나 너무 작다.', '그러나, 국내 방위산업이 발전하면서 수출대상 국가가 증가하고 대상 국가별로 요구하는 사항이 다양해지고 있으며, 수출품목도 FA-50, 천궁-II 등 첨단무기체계로 확대되고 있다.', '또한 2012년도에는 대공 유도미사일 천궁에 대한 상호운용성 시험평가를 수행하여 실전에서 합동작전을 수행할 수 있는지를 사전에 정확히 검증하였다.', '또한 복합\u2006・\u2006광역다층방어를 위해 탄도탄감시대 증편, 패트리엇 성능 개량, 천궁 및 장거리지대공미사일(L-SAM) 포대 편성 등 방공유도탄사령부를 개편해 나갈 것이다.', '또한 패트리어트 체계와 탄도탄조기경보레이더 도입, 천궁 체계 및 현무 미사일 자체개발 등을 통해 북한 핵·미사일 위협 대응능력도 지속 확충해 나가고 있다.', '또한, 복합·광역다층방어를 위해 호크포대에서 천궁포대로 개편하고, 탄도탄감시대대 및 장거리지대공미사일(L-SAM)대대 창설 등 방공유도탄사령부를 개편해 나갈 것이다.', '방공 및 화생방 방호 능력의 증강을 위해 중거리 지대공 유도무기(천궁), 방공지휘통제경보체계, 신형 제독차 등을 확보한다.', '천궁 탄두의 형상은 그림 39-(b)와 같으며 파편부 외면에 여러 가닥의 변형화약을 사용하였다.', '천궁에 탑재된 탄두는 표적 지향성 탄두로 탄두의 폭발력을 표적방향으로 집중시켜 탄두의 에너지를 효율적으로 이용하였다.', '천궁은 2011년에 개발이 완료되었으며, 2015년에 탄도미사일 요격 능력이 추가된 성능 개량형이 개발되었다.', '천궁은 대한민국이 개발한 중거리/중고도(사거리 40km, 요격고도 15kn)의 지대공 미사일이다.', '한국은 그동안 천궁과 해궁 등 지상발사형 대공 미사일을 성공적으로 개발해 왔다.', '현재까지의 열전지의 무기체계 적용국내 개발 열전지는 중거리 지대공 유도무기인 천궁에 최초로 적용되었다.']"
천무,['국방백서'],"['우리 군은 지상전력 면에서 K2 전차, K9 자주포, 천무 등 세계 최고 수준의 전차와 화포를 전력화하고 다수의 아파치 공격헬기를 보유하고 있다.']"
킬체인,"['국방과학기술플러스_242호(2018년+4분기)', '국방백서', '국방과학기술플러스_248호(20년도+2분기)']","['『2012년 개정된 미사일지침』은 2013년 2월 12일 북한의 3차 핵실험 후 도입된 우리 군의 ‘킬체인(Kill-Chain)체계’와 ‘한국형 미사일 방어(KAMD)체계’ 구축의 핵심 전력 증강에 기여했다.', '북한의 미사일, 이동식 발사대 및 이동로, 지휘통제체계, 관련 고정시설 등 북핵·미사일 작전체계를 타격하기 위해 킬체인(Kill Chain)을 구축하고 있다.', '우리 軍이 지속적으로 지능화·고도화·정교화·조직화된 적 사이버위협에 능동적으로 대응 가능한 사이버킬체인 기반의 「국방 사이버위협 대응체계 구축」비전을 제안한다.', '이를 위해 장거리 공대지 유도탄, 장거리 지대공 유도무기 등을 획득하여 킬체인(Kill Chain)과 한국형 미사일 방어체계를 조기에 구축할 것이다.', '킬체인 공격단계별 공격기술과 방어기능 수준평가공격기술과 방어기능의 연관성 분석을 통해 킬체인 공격단계와 방어 영역별 수준을 평가한 결과, 약화와 거부 영역의 방어분야는 공격단계에 가장 적절히 대응할 수 있는 기능을 보유하고 있는 것으로 평가되었으며, 방어기능 100%의 의미는 현재까지 식별된 모든 방어기능을 보유하고 있다는 것을 의미한다.', '킬체인(Kill Chain)과 한국형 미사일 방어체계(KAMD)를 구축하고, 대포병 탐지레이더를 배치하는 등 접적지역 전면전 능력을 보강하였다.', '킬체인(Kill Chain)을 통한 자위권 확보, 한국형 미사일 방어체계(KAMD) 강화, 대량응징보복(KMPR) 역량 강화 등 압도적 한국형 3축체계 능력을 확보할 것이다.', '킬체인은 적의 미사일 위협을 실시간으로 탐지하여 표적 위치를 식별하고 효과적으로 파괴할 수 있는 타격 수단을 결심한 후 타격하는 일련의 공격체계를 말한다.', '특히 북한의 핵과 탄도미사일 위협에 대비해 킬체인(Kill Chain)과 한국형 미사일 방어체계(KAMD) 등 탐지, 식별, 결심, 타격 능력을 발전시켜 나갈 것이다.']"
프레데터,"['259호_국방과학기술플러스', '국방과학기술플러스 Vol.255', '국방과학기술플러스 Vol.256']","['미국 CSIS 보고서는 프레데터 감시정찰 무인기를 이용하여 500km 거리에서 15초 만에 탄도미사일을 탐지 가능함을 인용하고 있다.', '앞서 설명한 기능을 지원할 수 있는 잠재적인 UAV 원격측정 플랫폼은 글로벌 호크, 프레데터, 록히드 마틴의 Structure Blimp 통합 센서 등이 있다.', '프레데터(미국) 복사판으로 알려진 Yi Long 는 2013년 파리 에어쇼에서 처음 공개 되었다.']"
하푼,['국방과학기술플러스_248호(20년도+2분기)'],"['하푼, 해성-I 등 대함 유도탄은 보다 긴 사거리, 초음속 추진기, 해면밀착 비행능력, 다중모드 탐색기 적용 등을 통해 치명성을 향상시켜 나가고 있으며, SM-2, 해궁과 같은 대공 유도탄 또한 비행속도, 사거리, 표적 식별능력 향상을 통해 정밀 요격능력을 발전시켜 나가고 있다.']"
함포,"['국방과학기술플러스 Vol.256', '국방과학기술플러스_244호(2019년+2분기)', '2021_국방과학기술플러스_253호', '국방백서']","['Excalibur S를 함포에도 적용 가능한 127mm Excalibur N5를 개발 중이다.', '그러나, 화포와 함포에서의 재래식 탄약발사는 사거리와 포신의 수명 저하로 한계가 있다.', '또한 이 탄은 고정표적은 물론 이동표적에 대해서도 사격이 가능하며, 사격이후 표적변환이 가능하며, 5인치 함포에서는 100km, 155mm 야포에서는 85km의 사거리를 갖는다고 소개하고 있다.', '미국의 155mm AGS(Advanced Gun System) 함포의 경우는 사격통제 장치와 완전 자동화된 탄/장약 이송/장전 장치를 이용하여 빠른 반응성과 높은 생존성을 가지는 무인 포탑을 채택한 사례이다.', '미국의 ATK 社는 해군용 5인치 함포탄인 B-TERM(Ballistic Trajectory Extended Range Munition) 탄을 개발한 바 있는데, 텅스텐 케이스로 제작된 탄두와 저가형 유도항법장치를 채택한 것으로 알려져 있다.', '이전에는 항공기, 공병장비 위주로 양도하였으나 2013년 이후 초계함, 상륙장갑차, 함포 및 함포탄 등 다양한 군수품의 양도가 이루어지고 있다.', '지상 화포와 함포에서 발사된 정찰포탄과 장거리 활공포탄은 발사후 초기의 고압과 충격으로 활공탄약을 보호하기 위해 저장약으로 발사하고 있다.', '해상에서는 완충구역 내 남북 모두 함포·해안포의 포구·포신 덮개를 설치하고 포문을 폐쇄하였으며, 함포·해안포의 실사격과 해상기동훈련을 중단하였다.']"
현궁,"['국방과학기술플러스_248호(20년도+2분기)', '국방과학기술플러스 249호']","['75인치 유도로켓 비궁과 보병용 중거리유도무기 현궁에 적용된 탐색기 추적알고리듬 기술을 기반으로 하여 다양한 기후 조건, 전장 환경에서 해상/육상 표적에 대응할 수 있도록 개발 중이다.', '순수한 국내 열전지만의 적용은 보병용 중거리 유도무기인 현궁에서부터 시작되었다.', '이는 발사 후 망각 유도(Fire & Forget) 방식으로 보병용 중거리 유도무기 현궁의 운용 방식과 동일하고, 사수가 유도탄 발사 후 광섬유를 절단하지 않으면 MITL 운용도 가능하다.', '현궁의 경우, 무기체계가 소형이었기 때문에 하나의 열전지로 모든 전원시스템을 감당했지만 이후 함대공 유도무기(해궁), 함대지 유도탄(해룡) 등 유도무기체계의 대형화에 따라 주전원용 열전지/구동용 열전지/원격통신용 열전지 등 열전지의 역할이 세분화되었다.', '현재 국내에서는 보병용 중거리유도무기 현궁 체계 기술 기반으로 소형무장헬기 공대지 유도탄을 개발하고 있다.']"
현무 미사일,['국방백서'],"['또한 패트리어트 체계와 탄도탄조기경보레이더 도입, 천궁 체계 및 현무 미사일 자체개발 등을 통해 북한 핵·미사일 위협 대응능력도 지속 확충해 나가고 있다.']"
