세부항목,token,count
개인화기,기관단총,769
개인화기,리볼버,291
개인화기,돌격소총,224
개인화기,경기관총,216
개인화기,AK-47,204
개인화기,저격총,164
개인화기,미국,104
개인화기,샷건,101
개인화기,소련,87
개인화기,우지,86
개인화기,독일,85
개인화기,AR-15,78
개인화기,콜트,71
개인화기,HK416,68
개인화기,미,62
개인화기,M16 소총,59
개인화기,RPG-7,58
개인화기,러시아,54
개인화기,MP5 기관단총,46
개인화기,맥심 기관총,45
개인화기,자동소총,39
개인화기,베레타 92,37
개인화기,중기관총,36
개인화기,칼라시니코프,34
개인화기,대전,34
개인화기,M4 카빈,34
개인화기,바주카,33
개인화기,M2 중기관총,32
개인화기,StG44,29
개인화기,영국,28
개인화기,톰슨 기관단총,28
개인화기,미니건,28
개인화기,M60 기관총,26
개인화기,마드센 경기관총,26
개인화기,톰슨,25
개인화기,노리쇠,25
개인화기,탄,22
개인화기,스페셜,22
개인화기,산탄총,21
개인화기,이탈리아,21
개인화기,프랑스,20
개인화기,이스라엘,20
개인화기,루이스 경기관총,20
개인화기,모신나강 소총,20
개인화기,스미스 & 웨슨,18
개인화기,레벨 소총,18
개인화기,스웨덴,17
개인화기,윈체스터,17
개인화기,99식 소총,17
개인화기,헤클러,16
개인화기,코흐,16
개인화기,저격소총,16
개인화기,M1911 권총,16
개인화기,M14 소총,16
개인화기,고속유탄기관총,15
개인화기,제식소총,15
개인화기,M1 개런드 소총,15
개인화기,핀란드,15
개인화기,소드,15
개인화기,자동화기,14
개인화기,베트남,14
개인화기,배틀그라운드,14
개인화기,레밍,14
개인화기,탄띠,13
개인화기,기관권총,13
개인화기,불펍,13
개인화기,약실,13
개인화기,중국,13
개인화기,조병창,12
개인화기,베레타,12
개인화기,소음기,11
개인화기,민수,11
개인화기,로켓포,10
개인화기,RPK 경기관총,10
개인화기,브라우닝,10
개인화기,분당,10
개인화기,K5 권총,10
개인화기,저격수,10
개인화기,장갑차,9
개인화기,삼각대,9
개인화기,미하일,9
개인화기,중동,9
개인화기,수오미 기관단총,9
개인화기,비조,9
개인화기,슈타이어,9
개인화기,체코슬로바키아,9
개인화기,매그넘,9
개인화기,개인화기,8
개인화기,MG42 기관총,8
개인화기,아프리카,8
개인화기,PK 기관총,8
개인화기,유럽,8
개인화기,특수부대,8
개인화기,쇼샤,8
개인화기,글록 권총,8
개인화기,토카레프,8
개인화기,이즈마쉬,7
개인화기,존,7
개인화기,스토너,7
개인화기,유진 스토너,7
개인화기,F90,7
개인화기,대한민국,7
개인화기,캐나다,7
개인화기,스털링,7
개인화기,수오미,7
개인화기,아미,7
개인화기,벨기에,7
개인화기,소말리아,7
개인화기,스텐 기관단총,7
개인화기,조준,6
개인화기,아랍,6
개인화기,폴란드,6
개인화기,토미,6
개인화기,무반동총,6
개인화기,이젭스크,6
개인화기,체코,6
개인화기,마운트,6
개인화기,레밍턴,6
개인화기,한국,6
개인화기,일본,6
개인화기,해머,6
개인화기,비탸즈,6
개인화기,볼트,6
개인화기,우지기관단총,6
개인화기,스넙노즈,6
개인화기,발터,6
개인화기,밀란,6
개인화기,앤,6
개인화기,공랭,5
개인화기,스페인,5
개인화기,개인방어무기,5
개인화기,휴고,5
개인화기,슈마이저,5
개인화기,SKS 반자동소총,5
개인화기,빈,5
개인화기,라덴,5
개인화기,MP40 기관단총,5
개인화기,체첸,5
개인화기,루이스,5
개인화기,브라질,5
개인화기,덴마크,5
개인화기,참호전,5
개인화기,패터슨,5
개인화기,워커,5
개인화기,라이노,5
개인화기,컴뱃,5
개인화기,모스버그,5
개인화기,M3 기관단총,5
개인화기,히틀러,5
개인화기,레인저,5
개인화기,나토,4
개인화기,카라쉬니코프,4
개인화기,드라구노프,4
개인화기,피카티니,4
개인화기,서독,4
개인화기,마우저,4
개인화기,표도로프,4
개인화기,데그챠레프,4
개인화기,라티,4
개인화기,기관포,4
개인화기,토치마쉬,4
개인화기,마카로프,4
개인화기,클로즈드,4
개인화기,카르카노 소총,4
개인화기,오스트리아,4
개인화기,스페츠나즈,4
개인화기,네덜란드,4
개인화기,갈,4
개인화기,마드센,4
개인화기,스웨디시,4
개인화기,구스타브,4
개인화기,베트콩,4
개인화기,바렛,4
개인화기,망원,4
개인화기,이라크,4
개인화기,전투소총,4
개인화기,PPSh-41 기관단총,4
개인화기,나,4
개인화기,러일전쟁,4
개인화기,데그챠레프 경기관총,4
개인화기,톰프슨,4
개인화기,북한,3
개인화기,라이플총,3
개인화기,피스톨,3
개인화기,동구권,3
개인화기,방아쇠울,3
개인화기,빈토,3
개인화기,레즈,3
개인화기,소염기,3
개인화기,총포,3
개인화기,헤비 배럴,3
개인화기,시그사우어,3
개인화기,델타 포스,3
개인화기,데브그루,3
개인화기,브렌,3
개인화기,프로파일,3
개인화기,직동,3
개인화기,서구,3
개인화기,카를로스,3
개인화기,헤스콕,3
개인화기,블로우백,3
개인화기,아프가니스탄,3
개인화기,이집트,3
개인화기,대구,3
개인화기,미니미,3
개인화기,로스,3
개인화기,M4,3
개인화기,툴라,3
개인화기,단순블로백,3
개인화기,고속유탄발사기,3
개인화기,마,3
개인화기,독일어,3
개인화기,베르사유,3
개인화기,현대,3
개인화기,새뮤얼 콜트,3
개인화기,웨블리,3
개인화기,파이슨,3
개인화기,블랙 호크,3
개인화기,반,3
개인화기,센테니얼,3
개인화기,디텍티브,3
개인화기,남북,3
개인화기,로킹,3
개인화기,스위스,3
개인화기,TT권총,3
개인화기,맥심,3
개인화기,방탄복,3
개인화기,2차대전,3
개인화기,근접전투,2
개인화기,아시아,2
개인화기,세트메,2
개인화기,포,2
개인화기,코브로프,2
개인화기,콘체른,2
개인화기,칼라시니코프 콘체른,2
개인화기,빅토르 칼라시니코프,2
개인화기,알렉세이,2
개인화기,싱가포르,2
개인화기,AR-10,2
개인화기,M16,2
개인화기,FN P90,2
개인화기,에디터,2
개인화기,청해부대,2
개인화기,삼호주얼리호,2
개인화기,지정사수,2
개인화기,디펜스,2
개인화기,그린베레,2
개인화기,라이온하트,2
개인화기,시모노프,2
개인화기,인터내셔널,2
개인화기,특수작전,2
개인화기,슈어파,2
개인화기,포이어차이버,2
개인화기,롤러로킹,2
개인화기,지연,2
개인화기,강선,2
개인화기,아일랜드,2
개인화기,이란,2
개인화기,에티오피아,2
개인화기,클래스,2
개인화기,대만,2
개인화기,블로백,2
개인화기,케네디,2
개인화기,페로,2
개인화기,코브라,2
개인화기,라이징,2
개인화기,사이렛매트칼도,2
개인화기,엔테베,2
개인화기,호환성,2
개인화기,시나이,2
개인화기,로버트,2
개인화기,슈파긴,2
개인화기,모스크바,2
개인화기,리엔,2
개인화기,지정사수소총,2
개인화기,욘손,2
개인화기,그랴제프,2
개인화기,쉬프노프,2
개인화기,영어,2
개인화기,권,2
개인화기,세르듀코프,2
개인화기,카라,2
개인화기,호주,2
개인화기,크리스,2
개인화기,탄두,2
개인화기,방탄조끼,2
개인화기,콘셉트,2
개인화기,커스,2
개인화기,루거,2
개인화기,오피서즈,2
개인화기,알,2
개인화기,테리어,2
개인화기,밀리터리,2
개인화기,마스터피스,2
개인화기,스미스 앤 웨슨,2
개인화기,멕시코,2
개인화기,브라,2
개인화기,밋,2
개인화기,팰랭크스,2
개인화기,판저파우스트,2
개인화기,원더,2
개인화기,트렌치,2
개인화기,은행강도,2
개인화기,파쇄,2
개인화기,모듈러,2
개인화기,섬광탄,2
개인화기,실버,2
개인화기,피젼,2
개인화기,월남전,2
개인화기,드라그노프,2
개인화기,97식,2
개인화기,태평양,2
개인화기,부평,2
개인화기,월남,2
개인화기,나치,2
개인화기,바르샤바,2
개인화기,주역,2
개인화기,올랜도,2
개인화기,아덴,2
개인화기,Kar98k 소총,2
개인화기,배럿,2
개인화기,공용화기,2
개인화기,MP18 기관단총,2
개인화기,따발,2
개인화기,내무인민위원회,2
개인화기,호치키스,2
개인화기,북로군정서,2
개인화기,청산리,2
개인화기,뉴질랜드,2
개인화기,찰턴,2
개인화기,드라일,2
개인화기,빌라페로사,2
개인화기,수에즈,2
개인화기,슈타이어 AUG 돌격소총,2
개인화기,G3,2
개인화기,드라이제 바늘 총,2
개인화기,클립,2
개인화기,본드,2
개인화기,짐바브웨,2
개인화기,개틀링,2
개인화기,팬저슈렉,2
개인화기,북아프리카,2
개인화기,코르벳,1
개인화기,디젤,1
개인화기,북대서양조약기구,1
개인화기,보병전투차,1
개인화기,송,1
개인화기,수랭식,1
개인화기,라인메탈,1
개인화기,마우저사,1
개인화기,라틴아메리카,1
개인화기,오토,1
개인화기,오드넌스사,1
개인화기,에스파냐,1
개인화기,오토매틱,1
개인화기,필리핀,1
개인화기,모로족,1
개인화기,페이브호크,1
개인화기,보병포,1
개인화기,박격포,1
개인화기,화포,1
개인화기,함포,1
개인화기,덱탸료프,1
개인화기,양산,1
개인화기,뤼우티,1
개인화기,체코슬로베키아는,1
개인화기,표준화,1
개인화기,장,1
개인화기,해링턴,1
개인화기,리차드슨이,1
개인화기,SAR-21,1
개인화기,루거판,1
개인화기,스코프,1
개인화기,접철,1
개인화기,원,1
개인화기,도우,1
개인화기,시그사우어도,1
개인화기,왕립해군,1
개인화기,앤트림함,1
개인화기,브릴리언트함,1
개인화기,브로드소드,1
개인화기,아덴트함,1
개인화기,애로우,1
개인화기,플리머스,1
개인화기,FN MAG,1
개인화기,콜드,1
개인화기,해머포징,1
개인화기,경기,1
개인화기,평창,1
개인화기,노르웨이,1
개인화기,넵튠,1
개인화기,스피어즈,1
개인화기,와낫,1
개인화기,애드코어,1
개인화기,네이비실,1
개인화기,인더스,1
개인화기,햇처,1
개인화기,탄도학,1
개인화기,세이지,1
개인화기,애버딘,1
개인화기,개런드,1
개인화기,버퍼,1
개인화기,본편,1
개인화기,공수부대,1
개인화기,티어,1
개인화기,브로,1
개인화기,주포,1
개인화기,웨폰,1
개인화기,니키틴,1
개인화기,소콜로프,1
개인화기,부스터,1
개인화기,북아일랜드,1
개인화기,에어트로닉,1
개인화기,로소,1
개인화기,철갑탄,1
개인화기,셰리든,1
개인화기,패튼,1
개인화기,센츄리온,1
개인화기,기번,1
개인화기,탈레반,1
개인화기,IED,1
개인화기,쿠르츠,1
개인화기,운용,1
개인화기,칼 구스타프 조병창,1
개인화기,워싱턴,1
개인화기,전간기,1
개인화기,쇼사,1
개인화기,아레스,1
개인화기,오토오드넌스에서는,1
개인화기,울티맥스,1
개인화기,살리에리,1
개인화기,경보병,1
개인화기,데그챠료프,1
개인화기,버지니아주,1
개인화기,콴티코,1
개인화기,K3,1
개인화기,휴오,1
개인화기,크림반도,1
개인화기,잉그램,1
개인화기,방탄,1
개인화기,브레이스,1
개인화기,비탸즈와,1
개인화기,프리드리히,1
개인화기,아이그너,1
개인화기,대우,1
개인화기,폴란드군,1
개인화기,헬리,1
개인화기,캘리코,1
개인화기,헬리컬,1
개인화기,AKS-74U,1
개인화기,법집행,1
개인화기,코우츠키,1
개인화기,티로,1
개인화기,뮬러,1
개인화기,기오르그,1
개인화기,자이들,1
개인화기,만프레드,1
개인화기,구흐링,1
개인화기,헬무트,1
개인화기,바로이터,1
개인화기,아스트라,1
개인화기,브룸,1
개인화기,야시경,1
개인화기,포르투갈,1
개인화기,그리스,1
개인화기,완코,1
개인화기,서류가방,1
개인화기,대거넘,1
개인화기,루드비히,1
개인화기,포그림러,1
개인화기,덱탸료프나,1
개인화기,기계설계,1
개인화기,타코미터,1
개인화기,에릭,1
개인화기,새터라센,1
개인화기,핍,1
개인화기,태국,1
개인화기,이위베스퀼레,1
개인화기,티카코스키,1
개인화기,군나르,1
개인화기,빔펠,1
개인화기,스콜피온,1
개인화기,영미,1
개인화기,콩고,1
개인화기,네츠,1
개인화기,경,1
개인화기,호베아,1
개인화기,우지엘,1
개인화기,야로슬라프,1
개인화기,홀레첵,1
개인화기,상하이,1
개인화기,류지퉁,1
개인화기,총참모부,1
개인화기,구스타프,1
개인화기,선위,1
개인화기,마렌고니,1
개인화기,헝가리,1
개인화기,스콜피언,1
개인화기,빌라르,1
개인화기,베식,1
개인화기,크리스 벡,1
개인화기,신,1
개인화기,스페츠나츠,1
개인화기,시오도어,1
개인화기,뤄플러,1
개인화기,고정식,1
개인화기,머스켓,1
개인화기,세븐,1
개인화기,대공황,1
개인화기,남아프리카,1
개인화기,보어,1
개인화기,홀스,1
개인화기,마테바,1
개인화기,에밀리,1
개인화기,치아파,1
개인화기,크림,1
개인화기,헨리,1
개인화기,뉴,1
개인화기,크랙,1
개인화기,오피셜,1
개인화기,트루퍼,1
개인화기,파이슨은,1
개인화기,캐딜락,1
개인화기,군터,1
개인화기,드존,1
개인화기,이로,1
개인화기,조단,1
개인화기,뉴욕시,1
개인화기,응옥,1
개인화기,로안,1
개인화기,응우옌,1
개인화기,렘,1
개인화기,에어,1
개인화기,에어웨이트,1
개인화기,경전차,1
개인화기,일리노이,1
개인화기,안중근,1
개인화기,보르하르트,1
개인화기,문세광,1
개인화기,박정희,1
개인화기,오사카,1
개인화기,고쯔,1
개인화기,파출서,1
개인화기,뉴남부,1
개인화기,님로드,1
개인화기,소노부이,1
개인화기,파생형양욱,1
개인화기,레이디스미스,1
개인화기,애플,1
개인화기,피츠제랄드,1
개인화기,피츠,1
개인화기,커스텀,1
개인화기,테리,1
개인화기,림,1
개인화기,포신,1
개인화기,스코필드,1
개인화기,어뢰,1
개인화기,미익,1
개인화기,무기대여법,1
개인화기,판저슈레케,1
개인화기,파우스트,1
개인화기,총류탄,1
개인화기,인스타,1
개인화기,시리아,1
개인화기,프로토타입,1
개인화기,로스엔젤레스,1
개인화기,리코,1
개인화기,군종,1
개인화기,동군,1
개인화기,모스,1
개인화기,모스버그사,1
개인화기,좌우쌍대,1
개인화기,미라마,1
개인화기,부착물,1
개인화기,소드오프,1
개인화기,택티컬,1
개인화기,캔사스 시티,1
개인화기,라이엇,1
개인화기,컴펜세이터,1
개인화기,덕비,1
개인화기,M82,1
개인화기,레드닷,1
개인화기,헤드샷,1
개인화기,예브게니 드라구노프,1
개인화기,케이덱스,1
개인화기,라푸아,1
개인화기,매그넘탄,1
개인화기,해리스,1
개인화기,당김,1
개인화기,격발,1
개인화기,배틀필드,1
개인화기,호네디,1
개인화기,짐,1
개인화기,길리랜드,1
개인화기,라마디,1
개인화기,크라시니코프,1
개인화기,한반도,1
개인화기,팔로군,1
개인화기,인천,1
개인화기,나토탄,1
개인화기,AK-74,1
개인화기,월맹,1
개인화기,블라디미르,1
개인화기,푸틴,1
개인화기,조선닷컴,1
개인화기,러시안,1
개인화기,모하메드,1
개인화기,아라이,1
개인화기,뮌헨,1
개인화기,뭄바이,1
개인화기,남베트남,1
개인화기,압토마트,1
개인화기,칼라시니코바,1
개인화기,니키틴과,1
개인화기,소부대,1
개인화기,인도,1
개인화기,보완재,1
개인화기,샌버너디노,1
개인화기,커티스,1
개인화기,르메이,1
개인화기,국방과학연구소,1
개인화기,할리우드,1
개인화기,로스앤젤레스,1
개인화기,만,1
개인화기,오사마,1
개인화기,허트,1
개인화기,카라칼,1
개인화기,해상척후조,1
개인화기,인더스트리,1
개인화기,인해전술,1
개인화기,한미,1
개인화기,한국과학기술연구원,1
개인화기,모신나강,1
개인화기,M1903 스프링필드 소총,1
개인화기,엄폐,1
개인화기,여명,1
개인화기,최영,1
개인화기,이집트군,1
개인화기,욤키프루,1
개인화기,그로즈니,1
개인화기,급조폭발물,1
개인화기,지뢰,1
개인화기,아프간,1
개인화기,모가디슈,1
개인화기,에어트로닉사도,1
개인화기,다윗,1
개인화기,골리앗,1
개인화기,아이작,1
개인화기,바실리,1
개인화기,데그차크레프,1
개인화기,브로노,1
개인화기,홀렉,1
개인화기,중일전쟁,1
개인화기,99식,1
개인화기,스패트,1
개인화기,브,1
개인화기,렌,1
개인화기,하이드,1
개인화기,샘프슨,1
개인화기,제너럴,1
개인화기,모터스,1
개인화기,스탬핑,1
개인화기,이,1
개인화기,수호미,1
개인화기,아이모,1
개인화기,서부전선,1
개인화기,총안,1
개인화기,추축국,1
개인화기,트롬멜,1
개인화기,독일의루거,1
개인화기,파라블럼,1
개인화기,하인리히,1
개인화기,폴머,1
개인화기,전격전,1
개인화기,비밀경찰,1
개인화기,MP40,1
개인화기,G36,1
개인화기,백병전,1
개인화기,드라이제,1
개인화기,베르티에,1
개인화기,베르티,1
개인화기,무연화,1
개인화기,나강,1
개인화기,스텀루거,1
개인화기,토러스,1
개인화기,힝클리,1
개인화기,로널드,1
개인화기,레이건,1
개인화기,플레밍,1
개인화기,텍사스,1
개인화기,새뮤얼,1
개인화기,런던,1
개인화기,치프스페셜,1
개인화기,007 죽느냐 사느냐,1
개인화기,스미스,1
개인화기,웨스,1
개인화기,페퍼,1
개인화기,마이애미,1
개인화기,해리,1
개인화기,스너비,1
개인화기,리엔필드 소총,1
개인화기,비커스,1
개인화기,하이럼 스티븐스 맥심,1
개인화기,조준기,1
개인화기,바실리 자이체프,1
개인화기,의화단,1
개인화기,러일,1
개인화기,디펜더,1
개인화기,벌컨,1
개인화기,아놀드 슈왈제네거,1
개인화기,터미네이터,1
개인화기,M1,1
개인화기,밥,1
개인화기,번스,1
개인화기,남아프리카공화국,1
개인화기,지그,1
개인화기,자우어,1
개인화기,글록,1
개인화기,브라우닝 M1919 기관총,1
개인화기,남태평양,1
개인화기,대공포사수,1
개인화기,클레이,1
개인화기,신세계,1
개인화기,파울러,1
개인화기,블런더,1
개인화기,어큐러시,1
기타무기,거북선,195
기타무기,조총,111
기타무기,화차,97
기타무기,전자전기,88
기타무기,편전,84
기타무기,조선,82
기타무기,기총,52
기타무기,한국,46
기타무기,사드,40
기타무기,야시장비,40
기타무기,각궁,36
기타무기,임진왜란,36
기타무기,신기전,35
기타무기,글라디우스,33
기타무기,미국,32
기타무기,미사일 방어체계,30
기타무기,일본,30
기타무기,바스타드 소드,29
기타무기,중국,27
기타무기,이순신,27
기타무기,판옥선,26
기타무기,로마,24
기타무기,그리스의 불,17
기타무기,미,16
기타무기,비살상무기,15
기타무기,영국,15
기타무기,북한,14
기타무기,대포병 레이더,13
기타무기,러시아,11
기타무기,비잔틴,10
기타무기,한반도,9
기타무기,이스라엘,9
기타무기,공격기,9
기타무기,정찰기,8
기타무기,이충,8
기타무기,산탄총,8
기타무기,문종,8
기타무기,독일,8
기타무기,동아시아,8
기타무기,장검,8
기타무기,천궁,7
기타무기,태종,7
기타무기,공대공 미사일,7
기타무기,바실리카,7
기타무기,만주족,7
기타무기,SM-3,6
기타무기,장,6
기타무기,선,6
기타무기,프랑스,6
기타무기,합성궁,6
기타무기,아시아,6
기타무기,화승,6
기타무기,승자총통,6
기타무기,패트리어트,5
기타무기,이라크,5
기타무기,공중급유기,5
기타무기,그라울러,5
기타무기,화승총,5
기타무기,크루세이더,5
기타무기,베트남,5
기타무기,궁술,5
기타무기,나이트,5
기타무기,전략 폭격기,4
기타무기,킬체인,4
기타무기,노르웨이,4
기타무기,선조,4
기타무기,변이중,4
기타무기,마하,4
기타무기,유럽,4
기타무기,모사드,4
기타무기,언더우드,4
기타무기,류성룡,4
기타무기,그리스,4
기타무기,하이브리드,4
기타무기,순조,4
기타무기,명나라,4
기타무기,세종,4
기타무기,게임 체인저,3
기타무기,고려,3
기타무기,소련,3
기타무기,스텔스,3
기타무기,포드,3
기타무기,터키,3
기타무기,대한민국,3
기타무기,틸러,3
기타무기,서,3
기타무기,노,3
기타무기,황자총통,3
기타무기,용머리,3
기타무기,칠천량,3
기타무기,함포,3
기타무기,조준,3
기타무기,철령,3
기타무기,패트리어트 PAC-3,3
기타무기,레이븐,3
기타무기,걸프전,3
기타무기,서울대,3
기타무기,전라좌수영,3
기타무기,사라센,3
기타무기,대만,3
기타무기,기관포,3
기타무기,스위스,3
기타무기,소드,3
기타무기,정탁,3
기타무기,다연장로켓포,3
기타무기,여진족,3
기타무기,행주산성,3
기타무기,최종병기 활,3
기타무기,하이랜더의 클레이모어,3
기타무기,전자전,2
기타무기,시리아,2
기타무기,아사드,2
기타무기,대륙간탄도미사일,2
기타무기,잠수함발사 탄도미사일,2
기타무기,레이건,2
기타무기,슈퍼호넷,2
기타무기,호크아이,2
기타무기,랜서,2
기타무기,모트,2
기타무기,LIG넥스원,2
기타무기,워리어,2
기타무기,화포,2
기타무기,해군사관학교,2
기타무기,나대용,2
기타무기,난중일기,2
기타무기,운용,2
기타무기,노리쇠,2
기타무기,사격경기,2
기타무기,효종,2
기타무기,서울,2
기타무기,사이드와인더,2
기타무기,소사,2
기타무기,터릿,2
기타무기,서구,2
기타무기,애로우,2
기타무기,스카이 레이더스,2
기타무기,리비아,2
기타무기,미라주,2
기타무기,남,2
기타무기,삼판,2
기타무기,신경준,2
기타무기,경남,2
기타무기,간재집,2
기타무기,스파르타쿠스,2
기타무기,켈트,2
기타무기,박격포,2
기타무기,자주포,2
기타무기,킬,2
기타무기,서유럽,2
기타무기,라틴,2
기타무기,아밍,2
기타무기,거포,2
기타무기,메흐멧,2
기타무기,고글,2
기타무기,스코프,2
기타무기,충청도,2
기타무기,대동강,2
기타무기,정조,2
기타무기,박종경,2
기타무기,융원필비,2
기타무기,허적,2
기타무기,세키부네,2
기타무기,수조규식,2
기타무기,병서,2
기타무기,창술,2
기타무기,광해군,2
기타무기,지봉유설,2
기타무기,국조오례의,2
기타무기,존,2
기타무기,이방원,2
기타무기,세종대,2
기타무기,망암,2
기타무기,유성룡,2
기타무기,최해산,2
기타무기,최무선,2
기타무기,행주대첩,2
기타무기,디스커버리,2
기타무기,알파고,1
기타무기,활공,1
기타무기,주,1
기타무기,정찰위성,1
기타무기,성주,1
기타무기,양,1
기타무기,모술,1
기타무기,아이언,1
기타무기,팔레스타인,1
기타무기,가자지구,1
기타무기,하마스,1
기타무기,로켓포,1
기타무기,베니,1
기타무기,갠츠,1
기타무기,소형모듈화드론,1
기타무기,방산,1
기타무기,판,1
기타무기,이,1
기타무기,인도네시아,1
기타무기,한화,1
기타무기,이종섭,1
기타무기,한국항공우주산업,1
기타무기,아덱스,1
기타무기,김생,1
기타무기,모튼,1
기타무기,현궁,1
기타무기,신궁,1
기타무기,장사정포,1
기타무기,윤,1
기타무기,강,1
기타무기,류,1
기타무기,코로나,1
기타무기,유비이엔지,1
기타무기,장세환,1
기타무기,박,1
기타무기,산업부,1
기타무기,한국산업기술평가관리원,1
기타무기,맥,1
기타무기,검선,1
기타무기,육전,1
기타무기,천자총통,1
기타무기,지자총통,1
기타무기,현자총통,1
기타무기,방,1
기타무기,맹선,1
기타무기,을묘왜변,1
기타무기,스팅어,1
기타무기,헬파이어,1
기타무기,룩스,1
기타무기,연막탄,1
기타무기,지아트,1
기타무기,보병전투차,1
기타무기,텍사스 인스트루먼트,1
기타무기,호치민,1
기타무기,함상기,1
기타무기,뇌격기,1
기타무기,경,1
기타무기,인조,1
기타무기,청나라,1
기타무기,제주도,1
기타무기,하멜,1
기타무기,강선,1
기타무기,현,1
기타무기,장갑차,1
기타무기,태종실록,1
기타무기,임영대군,1
기타무기,샤르,1
기타무기,대전,1
기타무기,스패로우,1
기타무기,현대,1
기타무기,요격기,1
기타무기,항력,1
기타무기,뉴질랜드,1
기타무기,앤,1
기타무기,타이푼,1
기타무기,기수,1
기타무기,팬텀,1
기타무기,레인저,1
기타무기,험비,1
기타무기,프로파일,1
기타무기,파이트,1
기타무기,사우디,1
기타무기,외기권,1
기타무기,이스칸데르,1
기타무기,에디터,1
기타무기,문,1
기타무기,파쇄,1
기타무기,요르단,1
기타무기,경상북도,1
기타무기,성주군,1
기타무기,크로탈,1
기타무기,다쏘,1
기타무기,유대,1
기타무기,마르셀,1
기타무기,더글러스,1
기타무기,트리폴리,1
기타무기,카다피,1
기타무기,아드바크,1
기타무기,프라울러,1
기타무기,F/A-18E/F 슈퍼 호넷,1
기타무기,팰컨,1
기타무기,지휘통제,1
기타무기,스카,1
기타무기,노스럽,1
기타무기,그루먼,1
기타무기,조,1
기타무기,오스트레일리아,1
기타무기,스탠드 오프,1
기타무기,신칸센,1
기타무기,만궁,1
기타무기,대림,1
기타무기,활채,1
기타무기,동남아시아,1
기타무기,국궁,1
기타무기,야스쿠니신사,1
기타무기,백,1
기타무기,기함,1
기타무기,사천,1
기타무기,황자,1
기타무기,인,1
기타무기,파이터,1
기타무기,최석,1
기타무기,박혜일,1
기타무기,안골,1
기타무기,신재호,1
기타무기,교토대,1
기타무기,사쿠라이,1
기타무기,다케오,1
기타무기,최영희,1
기타무기,귀선고,1
기타무기,김재근,1
기타무기,헐버트,1
기타무기,브리태니커 백과사전,1
기타무기,대장군,1
기타무기,단재,1
기타무기,신채호,1
기타무기,조선상고사,1
기타무기,호머 헐버트,1
기타무기,호러스 호턴 언더우드,1
기타무기,숙종,1
기타무기,가룡,1
기타무기,여암,1
기타무기,여암전서,1
기타무기,유길준,1
기타무기,서유견문,1
기타무기,고성,1
기타무기,거문도,1
기타무기,한강,1
기타무기,임진장초,1
기타무기,영조,1
기타무기,귀선중기,1
기타무기,남천우,1
기타무기,귀선이,1
기타무기,간재이덕홍도,1
기타무기,충남,1
기타무기,아산,1
기타무기,무기재고표,1
기타무기,사대문궤,1
기타무기,이덕홍,1
기타무기,이덕홍이,1
기타무기,안동,1
기타무기,경국대전,1
기타무기,속대전,1
기타무기,동국문헌비고,1
기타무기,거제도,1
기타무기,칠천도,1
기타무기,화염방사기,1
기타무기,이집트,1
기타무기,콘스탄티누스,1
기타무기,투키디데스,1
기타무기,맹화유궤,1
기타무기,테오파네스,1
기타무기,헬리오폴리스,1
기타무기,레바논,1
기타무기,바알베크,1
기타무기,칼리니쿠스,1
기타무기,동로마,1
기타무기,필살기,1
기타무기,토르,1
기타무기,글래디에이터,1
기타무기,로마사,1
기타무기,박물지,1
기타무기,티투스 리비우스,1
기타무기,대 플리니우스,1
기타무기,이베리아,1
기타무기,켈트족,1
기타무기,포에니,1
기타무기,마인츠,1
기타무기,잉글랜드,1
기타무기,풀럼,1
기타무기,이탈리아,1
기타무기,폼페이,1
기타무기,로마제국,1
기타무기,스큐툼,1
기타무기,라틴어,1
기타무기,근접전투,1
기타무기,투석기,1
기타무기,할슈타트,1
기타무기,전익기,1
기타무기,개틀링건,1
기타무기,빔,1
기타무기,대만해협,1
기타무기,미그,1
기타무기,앤소니,1
기타무기,치차,1
기타무기,제원,1
기타무기,영,1
기타무기,강원도,1
기타무기,견인포,1
기타무기,연평도,1
기타무기,야포,1
기타무기,써처,1
기타무기,탄두,1
기타무기,대포동,1
기타무기,피스아이,1
기타무기,프랑스어,1
기타무기,영어,1
기타무기,레이트,1
기타무기,양소,1
기타무기,기병검,1
기타무기,힐트,1
기타무기,클레이모어,1
기타무기,오스,1
기타무기,포신,1
기타무기,우르반포,1
기타무기,다르다넬스포로도,1
기타무기,불린,1
기타무기,세바스토폴,1
기타무기,구스타프,1
기타무기,사석포,1
기타무기,콘스탄티노플,1
기타무기,테이저,1
기타무기,페퍼,1
기타무기,페인트볼,1
기타무기,바톤,1
기타무기,비이클,1
기타무기,송수신기,1
기타무기,베냐민,1
기타무기,네타냐후,1
기타무기,에후드,1
기타무기,바락,1
기타무기,카일,1
기타무기,라마디,1
기타무기,사드르시티,1
기타무기,태평양,1
기타무기,저격수,1
기타무기,오키나와,1
기타무기,스푸키,1
기타무기,스펙터,1
기타무기,스코프와,1
기타무기,조종수,1
기타무기,호크,1
기타무기,함재,1
기타무기,걸프,1
기타무기,EA-6B 프라울러,1
기타무기,최적화,1
기타무기,북,1
기타무기,아프리카,1
기타무기,채프,1
기타무기,제공기,1
기타무기,월남전,1
기타무기,슈라이크,1
기타무기,웰링턴,1
기타무기,속오군,1
기타무기,연환,1
기타무기,대한제국,1
기타무기,함경도,1
기타무기,아케부스,1
기타무기,머스킷,1
기타무기,항우,1
기타무기,징비록,1
기타무기,중,1
기타무기,김육,1
기타무기,잠곡유고,1
기타무기,병학지남,1
기타무기,경략복국요편,1
기타무기,진법언해,1
기타무기,병학지남주해,1
기타무기,가늠쇠,1
기타무기,대조총,1
기타무기,천보총,1
기타무기,야인,1
기타무기,약포정탁,1
기타무기,박해일,1
기타무기,히데요시,1
기타무기,장궁,1
기타무기,통아,1
기타무기,이수광,1
기타무기,비잔틴제국,1
기타무기,경보병,1
기타무기,솔레나리온,1
기타무기,튀르크,1
기타무기,아랍,1
기타무기,당나라,1
기타무기,통사,1
기타무기,이덕무,1
기타무기,청,1
기타무기,중경,1
기타무기,김강,1
기타무기,몽골군,1
기타무기,연산군,1
기타무기,함길도,1
기타무기,월레스,1
기타무기,스코틀랜드,1
기타무기,로우,1
기타무기,최해,1
기타무기,조선왕조실록,1
기타무기,화포식언해,1
기타무기,주자,1
기타무기,만기요람,1
기타무기,히스토리,1
기타무기,리,1
기타무기,전,1
기타무기,채연,1
기타무기,가화,1
기타무기,스테피,1
기타무기,한일,1
기타무기,에이지 오브 엠파이어,1
기타무기,확장팩,1
기타무기,서해안,1
기타무기,국방과학연구소,1
무기 및 병기공학 일반,전투식량,86
무기 및 병기공학 일반,저격수,77
무기 및 병기공학 일반,그린베레,64
무기 및 병기공학 일반,킬체인,53
무기 및 병기공학 일반,네이비실,53
무기 및 병기공학 일반,방탄조끼,41
무기 및 병기공학 일반,마지노선,28
무기 및 병기공학 일반,미,28
무기 및 병기공학 일반,근접전투,24
무기 및 병기공학 일반,한국,21
무기 및 병기공학 일반,북한,16
무기 및 병기공학 일반,독일,14
무기 및 병기공학 일반,베트남,12
무기 및 병기공학 일반,프랑스,12
무기 및 병기공학 일반,이라크,11
무기 및 병기공학 일반,미국,10
무기 및 병기공학 일반,저격총,9
무기 및 병기공학 일반,아프가니스탄,6
무기 및 병기공학 일반,캐나다,6
무기 및 병기공학 일반,케네디,5
무기 및 병기공학 일반,레인저,5
무기 및 병기공학 일반,조준,5
무기 및 병기공학 일반,특수부대,5
무기 및 병기공학 일반,소련,5
무기 및 병기공학 일반,영국,5
무기 및 병기공학 일반,이스라엘,5
무기 및 병기공학 일반,이탈리아,4
무기 및 병기공학 일반,핀란드,4
무기 및 병기공학 일반,장사정포,3
무기 및 병기공학 일반,기관단총,3
무기 및 병기공학 일반,저격소총,3
무기 및 병기공학 일반,러시아,3
무기 및 병기공학 일반,카를로스,3
무기 및 병기공학 일반,로스,3
무기 및 병기공학 일반,기갑,3
무기 및 병기공학 일반,걸프전,3
무기 및 병기공학 일반,리비아,3
무기 및 병기공학 일반,탈레반,3
무기 및 병기공학 일반,파나마,3
무기 및 병기공학 일반,데브그루,3
무기 및 병기공학 일반,존,3
무기 및 병기공학 일반,북,2
무기 및 병기공학 일반,정찰위성,2
무기 및 병기공학 일반,HK416,2
무기 및 병기공학 일반,스웨디시,2
무기 및 병기공학 일반,M14,2
무기 및 병기공학 일반,방탄,2
무기 및 병기공학 일반,헤드샷,2
무기 및 병기공학 일반,킬,2
무기 및 병기공학 일반,스트라이커 장갑차,2
무기 및 병기공학 일반,대전,2
무기 및 병기공학 일반,지정사수,2
무기 및 병기공학 일반,이탈리아군,2
무기 및 병기공학 일반,레이션,2
무기 및 병기공학 일반,참호전,2
무기 및 병기공학 일반,스커드,2
무기 및 병기공학 일반,델타 포스,2
무기 및 병기공학 일반,킬웹,2
무기 및 병기공학 일반,엄폐,2
무기 및 병기공학 일반,카터,2
무기 및 병기공학 일반,그레나다,2
무기 및 병기공학 일반,유럽,2
무기 및 병기공학 일반,베트콩,2
무기 및 병기공학 일반,아프간,2
무기 및 병기공학 일반,웨인,2
무기 및 병기공학 일반,람보,2
무기 및 병기공학 일반,알카에다,2
무기 및 병기공학 일반,기동전,2
무기 및 병기공학 일반,크리스 카일,2
무기 및 병기공학 일반,션,2
무기 및 병기공학 일반,이동로,1
무기 및 병기공학 일반,지휘통제,1
무기 및 병기공학 일반,M60 기관총,1
무기 및 병기공학 일반,한화,1
무기 및 병기공학 일반,정,1
무기 및 병기공학 일반,이동식,1
무기 및 병기공학 일반,이영수,1
무기 및 병기공학 일반,강,1
무기 및 병기공학 일반,어뢰,1
무기 및 병기공학 일반,러,1
무기 및 병기공학 일반,일,1
무기 및 병기공학 일반,기주,1
무기 및 병기공학 일반,M2,1
무기 및 병기공학 일반,보병전투차,1
무기 및 병기공학 일반,자동화기,1
무기 및 병기공학 일반,독일어,1
무기 및 병기공학 일반,실팀,1
무기 및 병기공학 일반,특수작전차량,1
무기 및 병기공학 일반,특수작전,1
무기 및 병기공학 일반,거대도시,1
무기 및 병기공학 일반,수상전,1
무기 및 병기공학 일반,나이트포스,1
무기 및 병기공학 일반,밀란,1
무기 및 병기공학 일반,쿠아치,1
무기 및 병기공학 일반,권,1
무기 및 병기공학 일반,동구권,1
무기 및 병기공학 일반,스토너,1
무기 및 병기공학 일반,탄,1
무기 및 병기공학 일반,돌격소총,1
무기 및 병기공학 일반,샤프스,1
무기 및 병기공학 일반,SVT-40,1
무기 및 병기공학 일반,파블리첸코,1
무기 및 병기공학 일반,프란시스,1
무기 및 병기공학 일반,페가마가보우,1
무기 및 병기공학 일반,레밍,1
무기 및 병기공학 일반,보스턴,1
무기 및 병기공학 일반,척,1
무기 및 병기공학 일반,마휘니,1
무기 및 병기공학 일반,해스콕,1
무기 및 병기공학 일반,호네디,1
무기 및 병기공학 일반,헤스콕,1
무기 및 병기공학 일반,M2 중기관총,1
무기 및 병기공학 일반,험비,1
무기 및 병기공학 일반,슈미트,1
무기 및 병기공학 일반,마테우스,1
무기 및 병기공학 일반,헤체나우어,1
무기 및 병기공학 일반,그레이드,1
무기 및 병기공학 일반,바렛,1
무기 및 병기공학 일반,브라이언,1
무기 및 병기공학 일반,크레머,1
무기 및 병기공학 일반,니콜라스,1
무기 및 병기공학 일반,랜스,1
무기 및 병기공학 일반,테드,1
무기 및 병기공학 일반,리엔,1
무기 및 병기공학 일반,현대,1
무기 및 병기공학 일반,조,1
무기 및 병기공학 일반,인도,1
무기 및 병기공학 일반,주력전차,1
무기 및 병기공학 일반,레바논,1
무기 및 병기공학 일반,장갑차,1
무기 및 병기공학 일반,일본,1
무기 및 병기공학 일반,팥밥,1
무기 및 병기공학 일반,필라프,1
무기 및 병기공학 일반,비프,1
무기 및 병기공학 일반,미트볼,1
무기 및 병기공학 일반,케이,1
무기 및 병기공학 일반,즉석밥,1
무기 및 병기공학 일반,스페인,1
무기 및 병기공학 일반,앨저,1
무기 및 병기공학 일반,나폴레옹,1
무기 및 병기공학 일반,스팸,1
무기 및 병기공학 일반,인공지능,1
무기 및 병기공학 일반,레고,1
무기 및 병기공학 일반,사우디,1
무기 및 병기공학 일반,아,1
무기 및 병기공학 일반,전자전,1
무기 및 병기공학 일반,노드,1
무기 및 병기공학 일반,공격기,1
무기 및 병기공학 일반,사기,1
무기 및 병기공학 일반,북베트남,1
무기 및 병기공학 일반,아랍,1
무기 및 병기공학 일반,스페인어,1
무기 및 병기공학 일반,한반도,1
무기 및 병기공학 일반,대한민국,1
무기 및 병기공학 일반,마초,1
무기 및 병기공학 일반,제임스,1
무기 및 병기공학 일반,본드,1
무기 및 병기공학 일반,시리아,1
무기 및 병기공학 일반,다에시,1
무기 및 병기공학 일반,남미,1
무기 및 병기공학 일반,중동,1
무기 및 병기공학 일반,쿠르드족,1
무기 및 병기공학 일반,보스니아,1
무기 및 병기공학 일반,아이티,1
무기 및 병기공학 일반,로마,1
무기 및 병기공학 일반,글라디우스,1
무기 및 병기공학 일반,서유럽,1
무기 및 병기공학 일반,메콩,1
무기 및 병기공학 일반,그레이,1
무기 및 병기공학 일반,오사마,1
무기 및 병기공학 일반,빈,1
무기 및 병기공학 일반,라덴,1
무기 및 병기공학 일반,넵튠,1
무기 및 병기공학 일반,스피어,1
무기 및 병기공학 일반,지미,1
무기 및 병기공학 일반,레드윙 작전,1
무기 및 병기공학 일반,쿠웨이트,1
무기 및 병기공학 일반,스페츠나츠,1
무기 및 병기공학 일반,라마디,1
무기 및 병기공학 일반,마이클,1
무기 및 병기공학 일반,몬수르,1
무기 및 병기공학 일반,백악관,1
무기 및 병기공학 일반,윌리엄,1
무기 및 병기공학 일반,맥,1
무기 및 병기공학 일반,레이븐,1
무기 및 병기공학 일반,제시카,1
무기 및 병기공학 일반,부시,1
무기 및 병기공학 일반,사담,1
무기 및 병기공학 일반,후세인,1
무기 및 병기공학 일반,최전선,1
무기 및 병기공학 일반,룩셈부르크,1
무기 및 병기공학 일반,벨기에,1
무기 및 병기공학 일반,아르덴,1
무기 및 병기공학 일반,덩,1
무기 및 병기공학 일반,두오몽,1
무기 및 병기공학 일반,삽질,1
무기 및 병기공학 일반,라인메탈,1
무기 및 병기공학 일반,벙커버스터,1
무기 및 병기공학 일반,미래 보병체계,1
무기 및 병기공학 일반,워리어,1
무기 및 병기공학 일반,면제배갑,1
무기 및 병기공학 일반,이,1
무기 및 병기공학 일반,몰리,1
무기 및 병기공학 일반,해체식,1
무기 및 병기공학 일반,스페셜,1
무기 및 병기공학 일반,시모 하이하,1
무기 및 병기공학 일반,소,1
무기 및 병기공학 일반,독,1
무기 및 병기공학 일반,아메리칸 스나이퍼,1
무기 및 병기공학 일반,클린트,1
무기 및 병기공학 일반,이스트우드,1
무기 및 병기공학 일반,류드밀라 파블리첸코,1
무기 및 병기공학 일반,모신나강,1
무기 및 병기공학 일반,모신나강 소총,1
무기 및 병기공학 일반,태평양,1
무기 및 병기공학 일반,야시장비,1
무기 및 병기공학 일반,오키나와,1
무기 및 병기공학 일반,영어권,1
무기 및 병기공학 일반,스나이퍼,1
무기 및 병기공학 일반,로뱃,1
무기 및 병기공학 일반,망원,1
무기 및 병기공학 일반,레토르트,1
무기 및 병기공학 일반,취식형,1
무기 및 병기공학 일반,강릉,1
무기 및 병기공학 일반,국방과학연구소,1
무기 및 병기공학 일반,신라,1
무기 및 병기공학 일반,남북,1
무기 및 병기공학 일반,한국군 특수부대,1
미사일,대함미사일,196
미사일,공대공 미사일,171
미사일,하푼,141
미사일,대륙간탄도미사일,126
미사일,미,90
미사일,미국,90
미사일,미니트맨,84
미사일,소련,42
미사일,어뢰,41
미사일,신궁,37
미사일,토마호크 순항미사일,37
미사일,SM-3,29
미사일,탄두,29
미사일,사이드와인더,28
미사일,러시아,25
미사일,토우 대전차 미사일,24
미사일,현궁,23
미사일,북한,23
미사일,중국,21
미사일,일본,19
미사일,엑조세,19
미사일,함포,19
미사일,잠수함발사 탄도미사일,18
미사일,한국,16
미사일,AGM-86,13
미사일,토마호크,13
미사일,천궁,12
미사일,대만,12
미사일,전략 폭격기,11
미사일,이스라엘,11
미사일,스틱스,10
미사일,함,9
미사일,대전,9
미사일,타이탄,9
미사일,사이드,9
미사일,스커드미사일,8
미사일,LIG넥스원,8
미사일,기관포,8
미사일,걸프,8
미사일,패트리어트 PAC-3,8
미사일,SSGN,8
미사일,초음속,8
미사일,걸프전,7
미사일,공격기,7
미사일,인도,7
미사일,마하,7
미사일,프랑스,7
미사일,아틀라스,7
미사일,이라크,7
미사일,오하이오,7
미사일,미라주,7
미사일,타우러스 미사일,7
미사일,사드,6
미사일,탐색기,6
미사일,보잉,6
미사일,폴라리스,6
미사일,기뢰,6
미사일,장갑차,6
미사일,레이시온,5
미사일,보잉사,5
미사일,반덴버그,5
미사일,나토,5
미사일,마트라,5
미사일,포드,5
미사일,크루세이더,5
미사일,기총,5
미사일,태평양,5
미사일,캘컴,5
미사일,톈첸,5
미사일,해궁,4
미사일,신포,4
미사일,유럽,4
미사일,독일,4
미사일,캘리포니아,4
미사일,안,4
미사일,청상어,4
미사일,매직,4
미사일,링스,4
미사일,트라이던트,4
미사일,이집트,4
미사일,베트남,4
미사일,시커,4
미사일,에일라트,4
미사일,로스앤젤레스,4
미사일,매버릭,4
미사일,중,3
미사일,램제트,3
미사일,활공,3
미사일,해성,3
미사일,화성,3
미사일,미티어,3
미사일,그리스,3
미사일,장사정포,3
미사일,스카,3
미사일,암람,3
미사일,미스트랄,3
미사일,포세이돈,3
미사일,폭뢰,3
미사일,R-7 세묘르카,3
미사일,수상함,3
미사일,대포동,3
미사일,요격기,3
미사일,라파엘,3
미사일,불펍,3
미사일,이란,3
미사일,중동,3
미사일,스팅,3
미사일,가브리엘,3
미사일,영국,3
미사일,리어,3
미사일,슝펑,3
미사일,리비아,3
미사일,패트리어트 미사일,3
미사일,A-6 인트루더,3
미사일,덕티드,2
미사일,파키스탄,2
미사일,머큐리,2
미사일,일,2
미사일,북극성,2
미사일,북,2
미사일,이스칸데르,2
미사일,현무 미사일,2
미사일,서해,2
미사일,지,2
미사일,라팔,2
미사일,다쏘,2
미사일,한미,2
미사일,국방기술품질원,2
미사일,필리핀,2
미사일,벨,2
미사일,비궁,2
미사일,페닉스,2
미사일,스패로우,2
미사일,이동식,2
미사일,샌드박스,2
미사일,북대서양조약기구,2
미사일,충무공,2
미사일,이순신함,2
미사일,대조영,2
미사일,왕건,2
미사일,스패로,2
미사일,와인더,2
미사일,삽우드,2
미사일,애로우,2
미사일,레이크,2
미사일,운용,2
미사일,아덴,2
미사일,스페인,2
미사일,샤프리르,2
미사일,파이슨,2
미사일,레이,2
미사일,호주,2
미사일,노르웨이,2
미사일,C-5 갤럭시,2
미사일,격납고,2
미사일,골렘,2
미사일,재블린,2
미사일,스팅어,2
미사일,타임스,2
미사일,플라이트,2
미사일,한반도,2
미사일,히로시마,2
미사일,베이스라인,2
미사일,알래스카,2
미사일,서해안,2
미사일,에코,2
미사일,파파,2
미사일,찰리,2
미사일,소,2
미사일,갈륨,2
미사일,애틀러스,2
미사일,동펑,2
미사일,운용이,2
미사일,가능했고메버릭공대지,2
미사일,강원,2
미사일,판,2
미사일,코마,2
미사일,르,2
미사일,한화,2
미사일,동펑 탄도미사일,2
미사일,Mi-24 하인드 공격헬기,2
미사일,M2 브래들리,2
미사일,스커드,2
미사일,한,1
미사일,정찰위성,1
미사일,패트리어트,1
미사일,공중급유기,1
미사일,현대,1
미사일,송신기,1
미사일,제미니,1
미사일,해룡,1
미사일,하와이,1
미사일,보레이급,1
미사일,캄차카,1
미사일,야루스,1
미사일,토플,1
미사일,괌,1
미사일,스칼프,1
미사일,록히드마틴,1
미사일,람,1
미사일,공대지유도탄,1
미사일,사르마트,1
미사일,세르게이 쇼이구,1
미사일,카운트다운,1
미사일,캘리포니아주,1
미사일,안규백,1
미사일,더불어민주당,1
미사일,에어,1
미사일,고위력,1
미사일,바이퍼,1
미사일,헬파이어,1
미사일,비룡,1
미사일,워리어,1
미사일,트라이갓,1
미사일,로켓포,1
미사일,스트립,1
미사일,공,1
미사일,게코,1
미사일,항법,1
미사일,렉스,1
미사일,연장포,1
미사일,모스키트,1
미사일,우라간,1
미사일,장사정,1
미사일,이,1
미사일,스크러버,1
미사일,서베이지,1
미사일,주포,1
미사일,시스,1
미사일,패로,1
미사일,브릭,1
미사일,로켓탄,1
미사일,램,1
미사일,순양함,1
미사일,엑소셋,1
미사일,레이건,1
미사일,외기권,1
미사일,발사체,1
미사일,이리,1
미사일,어댑터,1
미사일,썬더,1
미사일,스톰,1
미사일,섀도,1
미사일,스캘프,1
미사일,박,1
미사일,오스트레일리아,1
미사일,F1,1
미사일,윙팁,1
미사일,아스트라,1
미사일,스위스,1
미사일,휴즈,1
미사일,시라노,1
미사일,히브리어,1
미사일,피아식별장치,1
미사일,텐첸,1
미사일,플랩,1
미사일,다터,1
미사일,무선조종,1
미사일,피라냐,1
미사일,시그니처,1
미사일,미스떼르,1
미사일,팔콘,1
미사일,피스키퍼,1
미사일,스푸트닉,1
미사일,레바논,1
미사일,헤즈볼라,1
미사일,하마스,1
미사일,에어로스파시알,1
미사일,해상자위대,1
미사일,어뢰정,1
미사일,공압식,1
미사일,남중국해,1
미사일,사군,1
미사일,카보우르,1
미사일,아랍,1
미사일,주무기도,1
미사일,테르밋,1
미사일,콩스베르그,1
미사일,거포,1
미사일,스탠드 오프,1
미사일,우달로,1
미사일,함재기,1
미사일,오케안,1
미사일,슐레진저,1
미사일,사일로,1
미사일,삼원,1
미사일,강화,1
미사일,이글라,1
미사일,무수단,1
미사일,추력편향,1
미사일,조종면,1
미사일,사우디,1
미사일,미사일 방어체계,1
미사일,뉴질랜드,1
미사일,그리드,1
미사일,텍사스 인스트루먼트,1
미사일,다치카제,1
미사일,베가,1
미사일,소나,1
미사일,호밍,1
미사일,로스엔젤레스,1
미사일,버지니아,1
미사일,싱가포르,1
미사일,녹스,1
미사일,줌왈트,1
미사일,하운드,1
미사일,독,1
미사일,털컴,1
미사일,B-52 폭격기,1
미사일,버캐니어,1
미사일,한민구,1
미사일,에리,1
미사일,최윤희,1
미사일,플로리다,1
미사일,레굴루스,1
미사일,죠지,1
미사일,워싱턴,1
미사일,양산,1
미사일,세베로드빈스크,1
미사일,발칸포,1
미사일,99식,1
미사일,아파치 가디언,1
미사일,대만해협,1
미사일,미그,1
미사일,항공자위대,1
미사일,팰컨,1
미사일,중기관총,1
미사일,플레어,1
미사일,디,1
미사일,스펜서,1
미사일,오산,1
미사일,해리어,1
미사일,아르헨티나,1
미사일,미라지,1
미사일,최,1
미사일,미라,1
미사일,군용기,1
미사일,유일한,1
미사일,베놈,1
미사일,미소,1
미사일,카자흐스탄,1
미사일,바이코누르,1
미사일,토폴,1
미사일,웨스턴 일렉트릭,1
미사일,키퍼,1
미사일,스나크,1
미사일,남태평양,1
미사일,주취안,1
미사일,순양전함,1
미사일,국방과학연구소,1
미사일,프리츠,1
미사일,슁펭,1
미사일,완첸,1
미사일,울산,1
미사일,슈페,1
미사일,셰필드,1
미사일,뇌격기,1
미사일,디젤,1
미사일,포클랜드,1
미사일,노,1
미사일,아비아시옹,1
미사일,아에로스파시알,1
미사일,동남아,1
미사일,해상작전헬기,1
미사일,시스쿠아,1
미사일,키로프,1
미사일,세종,1
미사일,진,1
미사일,첸쉬에썬,1
미사일,마셜,1
미사일,와이오밍,1
미사일,몬태나,1
미사일,노스다코타,1
미사일,넥스원이,1
미사일,발칸,1
미사일,오리콘,1
미사일,비호,1
미사일,스웨덴,1
미사일,재즘,1
미사일,바그다드,1
미사일,가르다비야,1
미사일,민,1
미사일,알레이버크급 구축함,1
미사일,프로비던스,1
미사일,취역년,1
미사일,히틀러,1
미사일,버지니아급 잠수함,1
미사일,수직발사장치,1
미사일,트라팔가,1
미사일,지중해,1
미사일,포터,1
미사일,로스,1
미사일,시리아,1
미사일,브래들리,1
미사일,앤,1
미사일,포겟,1
미사일,코브라 공격헬기,1
미사일,코브라,1
미사일,나이트,1
미사일,베커,1
미사일,무반동총,1
미사일,터보프롭,1
미사일,P-3C,1
미사일,엔터프라이즈,1
미사일,남미,1
미사일,희연,1
우주무기,정찰위성,152
우주무기,X-37B,24
우주무기,북한,20
우주무기,미국,13
우주무기,미,12
우주무기,한반도,6
우주무기,중국,6
우주무기,팰컨,6
우주무기,합성개구레이더,5
우주무기,소련,4
우주무기,정찰기,3
우주무기,통신위성,3
우주무기,한국,3
우주무기,발사체,3
우주무기,국방과학연구소,3
우주무기,보잉사,3
우주무기,톈궁,3
우주무기,일본,3
우주무기,위성군,2
우주무기,평북,2
우주무기,동창리,2
우주무기,호크,2
우주무기,케네디,2
우주무기,플로리다주,2
우주무기,러시아,2
우주무기,젠빙,2
우주무기,코로나,2
우주무기,중앙정보국,2
우주무기,국가정찰국,1
우주무기,야오간,1
우주무기,항법,1
우주무기,SM-3,1
우주무기,한,1
우주무기,전자전기,1
우주무기,공대지유도탄,1
우주무기,평양,1
우주무기,유도무기,1
우주무기,신원식,1
우주무기,김명수,1
우주무기,조선중앙통신,1
우주무기,서울,1
우주무기,인천,1
우주무기,남북,1
우주무기,보정,1
우주무기,운용,1
우주무기,이영수,1
우주무기,킬체인,1
우주무기,케이프커내버럴,1
우주무기,인천공항,1
우주무기,발사장,1
우주무기,케이프커네버럴,1
우주무기,캘리포니아,1
우주무기,밴덴버그,1
우주무기,정해진,1
우주무기,정규헌,1
우주무기,지휘통제,1
우주무기,로콧,1
우주무기,대한민국,1
우주무기,아리랑,1
우주무기,미다스,1
우주무기,사모스,1
우주무기,버드,1
우주무기,하마스,1
우주무기,프로토타입,1
우주무기,시제기,1
우주무기,다이너,1
우주무기,소어,1
우주무기,애틀러스,1
우주무기,활공,1
우주무기,기라,1
우주무기,우주정거장,1
우주무기,캐나다,1
우주무기,토론토,1
우주무기,혼슈,1
우주무기,한미,1
우주무기,이동식,1
우주무기,한국항공우주연구원,1
우주무기,대포동,1
우주무기,보스토크,1
우주무기,라크로스,1
우주무기,크리스탈,1
우주무기,중동,1
우주무기,이란,1
우주무기,이라크,1
우주무기,빅버드,1
우주무기,아이젠하워,1
우주무기,을미,1
우주무기,디스커버러,1
육상병기,장갑차,759
육상병기,함포,309
육상병기,박격포,207
육상병기,차륜형 장갑차,153
육상병기,티거,151
육상병기,독일,124
육상병기,천궁,120
육상병기,미,114
육상병기,K-9 자주포,95
육상병기,한화,95
육상병기,호주,95
육상병기,미국,94
육상병기,장사정포,84
육상병기,한국,75
육상병기,영국,74
육상병기,소련,72
육상병기,상륙돌격장갑차,67
육상병기,레오파르트 2,60
육상병기,견인포,52
육상병기,자주포,51
육상병기,병력수송장갑차,46
육상병기,북한,45
육상병기,천무,45
육상병기,기갑,44
육상병기,하프트랙,44
육상병기,러시아,43
육상병기,T-72 전차,42
육상병기,M2 브래들리,41
육상병기,흑표,40
육상병기,이라크,40
육상병기,대전,35
육상병기,스트라이커 장갑차,35
육상병기,이집트,31
육상병기,방산,30
육상병기,폴란드,29
육상병기,아스,27
육상병기,이스라엘,26
육상병기,현대로템,25
육상병기,프랑스,24
육상병기,T-90 전차,24
육상병기,스웨덴,23
육상병기,보병전투차,23
육상병기,T-34 전차,23
육상병기,M-109 자주포,23
육상병기,다연장로켓포,22
육상병기,LIG넥스원,22
육상병기,어뢰,21
육상병기,지뢰,21
육상병기,열차포,21
육상병기,탄두,20
육상병기,포신,20
육상병기,유럽,20
육상병기,T-80U 전차,20
육상병기,오스트리아,19
육상병기,마르다,19
육상병기,야포,18
육상병기,서독,18
육상병기,워리어,17
육상병기,디젤,17
육상병기,노르웨이,16
육상병기,라인메탈,16
육상병기,주포,16
육상병기,스페인,16
육상병기,케텐크라트,16
육상병기,브래들리,15
육상병기,레드백,14
육상병기,중동,14
육상병기,구룡,14
육상병기,일본,14
육상병기,이탈리아,14
육상병기,닉스,14
육상병기,대함미사일,13
육상병기,주력전차,13
육상병기,메르카바 전차,13
육상병기,다이내믹스,13
육상병기,대한민국,12
육상병기,무한궤도,12
육상병기,공격기,11
육상병기,디펜스,11
육상병기,중전차,11
육상병기,슈타이어,11
육상병기,특수작전차량,11
육상병기,차륜,10
육상병기,국방과학연구소,10
육상병기,핀란드,10
육상병기,링스,10
육상병기,말레이시아,10
육상병기,신궁,10
육상병기,T-62 전차,10
육상병기,파트리아,10
육상병기,걸프전,10
육상병기,싱가포르,10
육상병기,화포,9
육상병기,아파치,9
육상병기,레바논,9
육상병기,바라쿠다,9
육상병기,아랍에미리트,9
육상병기,터키,9
육상병기,네덜란드,9
육상병기,M1 에이브람스 전차,9
육상병기,제네럴,9
육상병기,제너럴,9
육상병기,포,8
육상병기,에어로스페이스,8
육상병기,철갑탄,8
육상병기,우크라이나,8
육상병기,험비,8
육상병기,토우 대전차 미사일,8
육상병기,걸프,8
육상병기,아프가니스탄,8
육상병기,상륙작전,8
육상병기,백호,7
육상병기,호크,7
육상병기,강,7
육상병기,인도,7
육상병기,중기관총,7
육상병기,강습상륙함,7
육상병기,양용,7
육상병기,다임러,7
육상병기,T-64 전차,7
육상병기,탄,6
육상병기,아프리카,6
육상병기,대구,6
육상병기,팔라딘,6
육상병기,대만,6
육상병기,급조폭발물,6
육상병기,5호 전차 판터,6
육상병기,야전포,6
육상병기,장궤,6
육상병기,함재기,6
육상병기,중국,6
육상병기,포르쉐,6
육상병기,시리아,6
육상병기,판두르,6
육상병기,캐터필러,6
육상병기,비행갑판,6
육상병기,차륜식,6
육상병기,자동화,5
육상병기,해궁,5
육상병기,국방기술품질원,5
육상병기,지휘통제,5
육상병기,수리온,5
육상병기,루마니아,5
육상병기,사우디아라비아,5
육상병기,T-55 전차,5
육상병기,스위스,5
육상병기,쿠웨이트,5
육상병기,하푼,5
육상병기,강선,5
육상병기,야마토,5
육상병기,비젤,5
육상병기,탈레반,5
육상병기,레인저,5
육상병기,전투공병,5
육상병기,쾨니히스,5
육상병기,오토 멜라라,5
육상병기,아이오와,5
육상병기,오버헤드,5
육상병기,구포,5
육상병기,서울,4
육상병기,한반도,4
육상병기,패트리어트,4
육상병기,인도네시아,4
육상병기,페루,4
육상병기,아르메니아,4
육상병기,캐나다,4
육상병기,잠망경,4
육상병기,아이언,4
육상병기,장사정,4
육상병기,방,4
육상병기,헌츠맨,4
육상병기,윤,4
육상병기,에스토니아,4
육상병기,영어,4
육상병기,타이곤,4
육상병기,바르샤바,4
육상병기,경,4
육상병기,M4 셔먼 전차,4
육상병기,로켓포,4
육상병기,기관포,4
육상병기,험버,4
육상병기,레판토,4
육상병기,M48 전차,4
육상병기,아제르바이잔,4
육상병기,나토,4
육상병기,연막탄,4
육상병기,오카,4
육상병기,기관단총,4
육상병기,푸흐,4
육상병기,포탑,4
육상병기,피자로,4
육상병기,이란,4
육상병기,북아프리카,4
육상병기,팬터,4
육상병기,순양함,4
육상병기,국방일보,4
육상병기,독도함,4
육상병기,피아트,4
육상병기,배수량,4
육상병기,드레드노트,4
육상병기,윤영하,4
육상병기,사드,3
육상병기,장,3
육상병기,마라도,3
육상병기,울산,3
육상병기,오시코시,3
육상병기,단종,3
육상병기,오세아니아,3
육상병기,서욱,3
육상병기,삼성테크윈,3
육상병기,한,3
육상병기,비호,3
육상병기,최전선,3
육상병기,보병포,3
육상병기,평사,3
육상병기,곡사포,3
육상병기,토우,3
육상병기,벨기에,3
육상병기,대포병 레이더,3
육상병기,화차,3
육상병기,밀란,3
육상병기,벤츠,3
육상병기,스파르탄,3
육상병기,경전차,3
육상병기,전열함,3
육상병기,기함,3
육상병기,운용,3
육상병기,알카에다,3
육상병기,오토,3
육상병기,헝가리,3
육상병기,조종수,3
육상병기,덴마크,3
육상병기,에이젝스,3
육상병기,스텔스,3
육상병기,타라와,3
육상병기,호치키스,3
육상병기,M8 정찰장갑차,3
육상병기,메르카바,3
육상병기,만재,3
육상병기,칼,3
육상병기,연대,3
육상병기,포드,3
육상병기,전격전,3
육상병기,랜드로버,3
육상병기,고려,3
육상병기,레일건,3
육상병기,엄폐,2
육상병기,활공,2
육상병기,공대지유도탄,2
육상병기,남북,2
육상병기,남한,2
육상병기,한미,2
육상병기,북,2
육상병기,방공유도탄사령부,2
육상병기,필리핀,2
육상병기,카자흐스탄,2
육상병기,차륜형,2
육상병기,풍익,2
육상병기,천호,2
육상병기,천경,2
육상병기,비격,2
육상병기,유,2
육상병기,저피탐,2
육상병기,풍산,2
육상병기,L-SAM,2
육상병기,박,2
육상병기,수도권,2
육상병기,청와대,2
육상병기,함,2
육상병기,카이로,2
육상병기,빅토리아,2
육상병기,이,2
육상병기,문재인,2
육상병기,튀르키예,2
육상병기,마운트,2
육상병기,와이지티,2
육상병기,연암,2
육상병기,금아하이드파워,2
육상병기,기아,2
육상병기,기아차,2
육상병기,청상어,2
육상병기,킬,2
육상병기,불곰사업,2
육상병기,폴란드군,2
육상병기,앙골라,2
육상병기,수랭식,2
육상병기,베트남,2
육상병기,프랑스어,2
육상병기,육상자위대,2
육상병기,하이브리드,2
육상병기,시제차,2
육상병기,공수부대,2
육상병기,섀시,2
육상병기,장륜식,2
육상병기,르노,2
육상병기,포탑이,2
육상병기,구축전차,2
육상병기,T-34,2
육상병기,스툼,2
육상병기,포르셰,2
육상병기,티르피츠,2
육상병기,트라팔가,2
육상병기,빅토리,2
육상병기,판옥선,2
육상병기,저격총,2
육상병기,연장포,2
육상병기,헌터,2
육상병기,셰리든,2
육상병기,로엠,2
육상병기,칼라시니코프,2
육상병기,크라우스,2
육상병기,슬로베니아,2
육상병기,레이시온,2
육상병기,경무,2
육상병기,저격수,2
육상병기,롤스로이스,2
육상병기,동구권,2
육상병기,현대,2
육상병기,독일마르더,2
육상병기,록히드마틴,2
육상병기,이베코,2
육상병기,탱켓,2
육상병기,브라질,2
육상병기,엥게사,2
육상병기,강습양륙,2
육상병기,유니,2
육상병기,로소,2
육상병기,체첸,2
육상병기,란스베르크,2
육상병기,북대서양조약기구,2
육상병기,델코,2
육상병기,포탑에,2
육상병기,부쉬매스터,2
육상병기,재블린,2
육상병기,알비스,2
육상병기,서스펜션,2
육상병기,서유럽,2
육상병기,산타,2
육상병기,바르바라,2
육상병기,유튜브,2
육상병기,BTR-90,2
육상병기,기동전,2
육상병기,철매,2
육상병기,크롬웰,2
육상병기,엘레판트,2
육상병기,M4,2
육상병기,티거 II 전차,2
육상병기,소뮈르,2
육상병기,연안전투함,2
육상병기,군용기,2
육상병기,분당,2
육상병기,오마 브래들리,2
육상병기,바슈라,2
육상병기,그레이,2
육상병기,하운드,2
육상병기,차체와,2
육상병기,브람스,2
육상병기,나폴레옹,2
육상병기,신기전,2
육상병기,독일어,2
육상병기,아프간,2
육상병기,베커,2
육상병기,구스타프,2
육상병기,칼 자주박격포,2
육상병기,히긴스,2
육상병기,미래 보병체계,2
육상병기,보어,2
육상병기,로템,2
육상병기,두산DST,2
육상병기,부메란,2
육상병기,열상,2
육상병기,플랫,2
육상병기,태평양,2
육상병기,M26,2
육상병기,세종대왕함,2
육상병기,진포,2
육상병기,오스,2
육상병기,SM-3,1
육상병기,개인화기,1
육상병기,대량살상무기,1
육상병기,특수부대,1
육상병기,한강,1
육상병기,이북,1
육상병기,현무 미사일,1
육상병기,호크포대,1
육상병기,에이브,1
육상병기,방글라데시,1
육상병기,가나,1
육상병기,콜롬비아,1
육상병기,조한기,1
육상병기,박정은,1
육상병기,피아식별장치,1
육상병기,지대지유도탄,1
육상병기,M60 기관총,1
육상병기,레드,1
육상병기,박수현,1
육상병기,페이스북,1
육상병기,아랍에미리트연합,1
육상병기,안규백,1
육상병기,더불어민주당,1
육상병기,경남,1
육상병기,정조,1
육상병기,팔랑스,1
육상병기,천안함,1
육상병기,아시아,1
육상병기,질롱에,1
육상병기,엘시시,1
육상병기,엘,1
육상병기,시시,1
육상병기,문,1
육상병기,엘시,1
육상병기,손해배상,1
육상병기,변론기일,1
육상병기,A2,1
육상병기,브레이브하트,1
육상병기,아미,1
육상병기,한영,1
육상병기,인터내셔널,1
육상병기,민,1
육상병기,양해각서,1
육상병기,김생,1
육상병기,데이비드,1
육상병기,코글란을,1
육상병기,슬론,1
육상병기,두오웨이,1
육상병기,콘셉트,1
육상병기,오시코시사,1
육상병기,중국어,1
육상병기,두오웨이뉴스,1
육상병기,타이완,1
육상병기,완전체,1
육상병기,기품원,1
육상병기,경기도,1
육상병기,고양시,1
육상병기,킨텍스,1
육상병기,동부,1
육상병기,엘빗,1
육상병기,능동방어시스템,1
육상병기,아이언 피스트,1
육상병기,고글,1
육상병기,린다,1
육상병기,레이놀즈,1
육상병기,박영근,1
육상병기,프로토타입,1
육상병기,모리슨,1
육상병기,혼,1
육상병기,마리즈,1
육상병기,페인,1
육상병기,질롱,1
육상병기,아발론 공항,1
육상병기,천검,1
육상병기,킬체인,1
육상병기,비궁,1
육상병기,비룡,1
육상병기,해성,1
육상병기,현궁,1
육상병기,두바이,1
육상병기,히트,1
육상병기,투,1
육상병기,T-50,1
육상병기,메타버스,1
육상병기,태국,1
육상병기,김지찬,1
육상병기,포스트,1
육상병기,이동식,1
육상병기,크리스토프,1
육상병기,프와텍,1
육상병기,트위터,1
육상병기,토파즈,1
육상병기,탈레스,1
육상병기,옵토닉스,1
육상병기,헬리,1
육상병기,S&T중공업,1
육상병기,두산인프라코어,1
육상병기,하차시에,1
육상병기,남아프리카공화국,1
육상병기,요새포,1
육상병기,경포,1
육상병기,기병포,1
육상병기,에스파냐,1
육상병기,바주카,1
육상병기,무반동총,1
육상병기,지휘차,1
육상병기,베이징,1
육상병기,고정식,1
육상병기,십마스,1
육상병기,스타스,1
육상병기,크리크,1
육상병기,볼케이노,1
육상병기,철령,1
육상병기,태종실록,1
육상병기,대규묘,1
육상병기,전략폭격,1
육상병기,잠수함전,1
육상병기,대잠수함전,1
육상병기,파리,1
육상병기,파나르,1
육상병기,외에르노,1
육상병기,고마쓰 제작소,1
육상병기,세라믹스,1
육상병기,룩스,1
육상병기,체코슬로바키아,1
육상병기,차대,1
육상병기,가이,1
육상병기,퉁구스카,1
육상병기,스웨덴어,1
육상병기,모바크,1
육상병기,삼각대,1
육상병기,듀스,1
육상병기,피프티,1
육상병기,빅마마,1
육상병기,할힌골 전투,1
육상병기,푸조,1
육상병기,고구려,1
육상병기,괘갑,1
육상병기,전동,1
육상병기,페르디난트,1
육상병기,돌격포,1
육상병기,무선조종,1
육상병기,전차대,1
육상병기,슈툼모저,1
육상병기,현측,1
육상병기,갑철,1
육상병기,피요르드,1
육상병기,기뢰,1
육상병기,부포,1
육상병기,북대서양,1
육상병기,넬슨,1
육상병기,탑재되어캐터펄트에,1
육상병기,르,1
육상병기,기총,1
육상병기,정찰기,1
육상병기,해리어,1
육상병기,슈퍼링스,1
육상병기,비스마르크,1
육상병기,호,1
육상병기,렉스,1
육상병기,레이테 만 해전,1
육상병기,거포,1
육상병기,레오파드2,1
육상병기,UH-60 블랙호크,1
육상병기,코브라,1
육상병기,워호크,1
육상병기,M60 패튼 전차,1
육상병기,미하일,1
육상병기,브랸스크,1
육상병기,바스라,1
육상병기,시리아군,1
육상병기,김일성,1
육상병기,후크,1
육상병기,셔먼,1
육상병기,솔탐,1
육상병기,M1,1
육상병기,원,1
육상병기,마페이,1
육상병기,오의,1
육상병기,자동변속기,1
육상병기,키트,1
육상병기,콩스버그,1
육상병기,프로텍터,1
육상병기,아모스,1
육상병기,모술,1
육상병기,파이로스,1
육상병기,의무후송,1
육상병기,구난구호,1
육상병기,번개사업,1
육상병기,볼가,1
육상병기,세미팔라틴스크,1
육상병기,보병수송차,1
육상병기,의무후송차,1
육상병기,공용화기,1
육상병기,스토크스,1
육상병기,안지,1
육상병기,오에,1
육상병기,피카티니,1
육상병기,애니,1
육상병기,메릴랜드주,1
육상병기,발멧,1
육상병기,무장친위대,1
육상병기,럭셔리 카,1
육상병기,실버고스트,1
육상병기,페가소,1
육상병기,데이라이트,1
육상병기,코커릴,1
육상병기,티어1,1
육상병기,델타 포스,1
육상병기,전투식량,1
육상병기,고마쓰,1
육상병기,미쓰비시중공업,1
육상병기,상파울루,1
육상병기,도하,1
육상병기,데저트,1
육상병기,스톰,1
육상병기,저격소총,1
육상병기,오스트레일리아,1
육상병기,아일랜드,1
육상병기,마드센 경기관총,1
육상병기,피어슨,1
육상병기,마파이,1
육상병기,딩고,1
육상병기,나고르노,1
육상병기,카라바흐,1
육상병기,슬랫,1
육상병기,RPG-7,1
육상병기,우지,1
육상병기,AK-47,1
육상병기,돌격소총,1
육상병기,개인방어무기,1
육상병기,울진,1
육상병기,삼척,1
육상병기,나메르,1
육상병기,남아공,1
육상병기,맘바,1
육상병기,시투름,1
육상병기,툴라,1
육상병기,기계설계,1
육상병기,스피곳,1
육상병기,콘쿠르스,1
육상병기,스펜드렐,1
육상병기,반자동시선유도,1
육상병기,그로즈니,1
육상병기,판사르베른스로보트반드방,1
육상병기,루프트베른스로보트방,1
육상병기,탱캣,1
육상병기,하굴랜드,1
육상병기,소너,1
육상병기,미하일 밀,1
육상병기,스트렐렛,1
육상병기,오스프리,1
육상병기,남아메리카,1
육상병기,BMP-1,1
육상병기,초밤,1
육상병기,보스니아,1
육상병기,평화유지군,1
육상병기,보잉,1
육상병기,벌링턴,1
육상병기,에이잭스,1
육상병기,트라도,1
육상병기,피라냐,1
육상병기,시미,1
육상병기,술탄,1
육상병기,그리핀,1
육상병기,코퍼레이션,1
육상병기,주코프,1
육상병기,엠프레사,1
육상병기,나씨오날,1
육상병기,슈타이어가판두르,1
육상병기,아스코,1
육상병기,드,1
육상병기,장창,1
육상병기,경기병,1
육상병기,성형작약탄,1
육상병기,오크,1
육상병기,데일,1
육상병기,시미타,1
육상병기,인드라,1
육상병기,울란,1
육상병기,콜스만,1
육상병기,시스테마,1
육상병기,사브,1
육상병기,라파엘,1
육상병기,유로사토리,1
육상병기,레오나르도,1
육상병기,커티스,1
육상병기,그리스,1
육상병기,보드닉,1
육상병기,닉,1
육상병기,오프로드,1
육상병기,볼보,1
육상병기,스카니아,1
육상병기,치프틴,1
육상병기,빌리히,1
육상병기,중형전차,1
육상병기,울라,1
육상병기,팔레비,1
육상병기,판나르,1
육상병기,이중성,1
육상병기,글리,1
육상병기,무기체계로는게파르트,1
육상병기,롤랑,1
육상병기,비버,1
육상병기,파이오니어,1
육상병기,알콘탄,1
육상병기,나치,1
육상병기,디펜더,1
육상병기,그린베레,1
육상병기,실팀,1
육상병기,야크트판터,1
육상병기,빌레르보카주,1
육상병기,헨셀,1
육상병기,파키스탄,1
육상병기,라파예트,1
육상병기,브레멘,1
육상병기,가르시아,1
육상병기,시그널,1
육상병기,멜리라,1
육상병기,녹스,1
육상병기,이재필,1
육상병기,브롬,1
육상병기,포스,1
육상병기,가리발디,1
육상병기,트리에스테,1
육상병기,오슬로,1
육상병기,브레다,1
육상병기,방순,1
육상병기,실드,1
육상병기,하야부사,1
육상병기,해상자위대,1
육상병기,호라이즌,1
육상병기,키로프,1
육상병기,인명구조,1
육상병기,소나,1
육상병기,페일랭스,1
육상병기,알타이,1
육상병기,연평도,1
육상병기,키푸르,1
육상병기,가자,1
육상병기,전주,1
육상병기,이슬람국가,1
육상병기,M3 곡사포,1
육상병기,M41 워커 불독,1
육상병기,크리스티,1
육상병기,진천,1
육상병기,스미스,1
육상병기,천안,1
육상병기,아랍,1
육상병기,대향,1
육상병기,아부다비,1
육상병기,블라디미르,1
육상병기,니즈니타길,1
육상병기,여진족,1
육상병기,임진왜란,1
육상병기,행주산성,1
육상병기,조총,1
육상병기,서해안,1
육상병기,박정희,1
육상병기,푸마,1
육상병기,국제안보지원군,1
육상병기,장포,1
육상병기,리틀,1
육상병기,데이빗,1
육상병기,지대지,1
육상병기,콘스탄티노플,1
육상병기,동로마,1
육상병기,히틀러,1
육상병기,아서,1
육상병기,세바스토폴,1
육상병기,참호전,1
육상병기,공성전,1
육상병기,파라블럼,1
육상병기,새비지,1
육상병기,대구경다련장로켓,1
육상병기,A-10,1
육상병기,율곡사업,1
육상병기,대우중공업,1
육상병기,두산,1
육상병기,마크,1
육상병기,현가장치,1
육상병기,모터스,1
육상병기,코브라 공격헬기,1
육상병기,브라우닝,1
육상병기,로이드,1
육상병기,강릉,1
육상병기,송,1
육상병기,남산,1
육상병기,M8,1
육상병기,총안,1
육상병기,스팅,1
육상병기,M2 중기관총,1
육상병기,카다피,1
육상병기,양산,1
육상병기,제인,1
육상병기,아르,1
육상병기,카,1
육상병기,맥심 기관총,1
육상병기,샤롱,1
육상병기,지라르,1
육상병기,보크트,1
육상병기,이스파노,1
육상병기,수이자,1
육상병기,방탄유리,1
육상병기,E-8 조인트 스타즈,1
육상병기,레이,1
육상병기,양,1
육상병기,스토이어,1
육상병기,오펠,1
육상병기,올림피아,1
육상병기,민수,1
육상병기,전,1
육상병기,소말리아,1
육상병기,모가디슈,1
육상병기,핑크 팬더,1
육상병기,최,1
육상병기,인빈시블급을,1
육상병기,인디패티거블,1
육상병기,라이온,1
육상병기,퍼싱,1
육상병기,나스호른,1
육상병기,M20,1
육상병기,노르망디,1
육상병기,비스툴라,1
육상병기,벌지,1
육상병기,베를린,1
육상병기,튀니지,1
육상병기,오토 카리우스,1
육상병기,미하일 비트만,1
육상병기,론슨,1
육상병기,지포,1
육상병기,판터,1
육상병기,장비,1
육상병기,케그레세,1
육상병기,M3,1
육상병기,아이오와급 전함,1
육상병기,아이오,1
육상병기,야마토급 전함,1
육상병기,토마호크 순항미사일,1
육상병기,뉴저지,1
육상병기,위스콘신,1
육상병기,울산급 호위함,1
육상병기,전함 드레드노트,1
육상병기,파이오니아,1
육상병기,전간기,1
육상병기,유보트,1
육상병기,해상작전헬기,1
육상병기,시스쿠아,1
육상병기,환태평양,1
육상병기,조선,1
육상병기,거북선,1
육상병기,최무선,1
육상병기,베네치아,1
육상병기,제노바,1
육상병기,대공포를,1
육상병기,제원,1
육상병기,진,1
육상병기,윤영,1
육상병기,오토브레다사,1
육상병기,연평,1
육상병기,선진,1
육상병기,중,1
육상병기,용골,1
육상병기,노봉,1
육상병기,거함거포주의,1
육상병기,레오파드,1
육상병기,르끌레르,1
폭탄 및 핵무기,어뢰,687
폭탄 및 핵무기,기뢰,382
폭탄 및 핵무기,지뢰,245
폭탄 및 핵무기,미국,49
폭탄 및 핵무기,미,39
폭탄 및 핵무기,어뢰정,34
폭탄 및 핵무기,영국,31
폭탄 및 핵무기,지뢰탐지기,28
폭탄 및 핵무기,중,27
폭탄 및 핵무기,급조폭발물,26
폭탄 및 핵무기,이라크,25
폭탄 및 핵무기,독일,24
폭탄 및 핵무기,러시아,23
폭탄 및 핵무기,스마트폭탄,22
폭탄 및 핵무기,대함미사일,22
폭탄 및 핵무기,소나,19
폭탄 및 핵무기,함포,19
폭탄 및 핵무기,IED,18
폭탄 및 핵무기,수상함,18
폭탄 및 핵무기,탄두,17
폭탄 및 핵무기,장갑차,17
폭탄 및 핵무기,소련,16
폭탄 및 핵무기,경,15
폭탄 및 핵무기,벙커버스터,14
폭탄 및 핵무기,항,14
폭탄 및 핵무기,폭뢰,13
폭탄 및 핵무기,핵가방,13
폭탄 및 핵무기,B61 핵폭탄,12
폭탄 및 핵무기,일본,11
폭탄 및 핵무기,북한,11
폭탄 및 핵무기,아프가니스탄,11
폭탄 및 핵무기,자항,10
폭탄 및 핵무기,남북,10
폭탄 및 핵무기,대전,10
폭탄 및 핵무기,걸프전,9
폭탄 및 핵무기,한국,9
폭탄 및 핵무기,이란,9
폭탄 및 핵무기,걸프,9
폭탄 및 핵무기,하푼,8
폭탄 및 핵무기,베트남,8
폭탄 및 핵무기,상륙작전,7
폭탄 및 핵무기,해수,7
폭탄 및 핵무기,한미,6
폭탄 및 핵무기,로미오,6
폭탄 및 핵무기,청상어,6
폭탄 및 핵무기,범상어,6
폭탄 및 핵무기,험비,6
폭탄 및 핵무기,탈레반,6
폭탄 및 핵무기,프랑스,5
폭탄 및 핵무기,소,5
폭탄 및 핵무기,초,5
폭탄 및 핵무기,플라이휠,5
폭탄 및 핵무기,배수량,5
폭탄 및 핵무기,장보고,5
폭탄 및 핵무기,병단,5
폭탄 및 핵무기,키트,5
폭탄 및 핵무기,뇌격기,5
폭탄 및 핵무기,중기관총,5
폭탄 및 핵무기,스페인,5
폭탄 및 핵무기,토마호크,5
폭탄 및 핵무기,백상어,5
폭탄 및 핵무기,닉스,5
폭탄 및 핵무기,항공 폭탄,5
폭탄 및 핵무기,함재기,4
폭탄 및 핵무기,포항,4
폭탄 및 핵무기,추진제,4
폭탄 및 핵무기,국방과학연구소,4
폭탄 및 핵무기,잠수함전,4
폭탄 및 핵무기,방추,4
폭탄 및 핵무기,울산,4
폭탄 및 핵무기,차륜형 장갑차,4
폭탄 및 핵무기,한반도,4
폭탄 및 핵무기,LIG넥스원,4
폭탄 및 핵무기,현대로템,4
폭탄 및 핵무기,초계정,4
폭탄 및 핵무기,러,4
폭탄 및 핵무기,아틀라스,4
폭탄 및 핵무기,클레이모어,4
폭탄 및 핵무기,핵잠수함,3
폭탄 및 핵무기,제원,3
폭탄 및 핵무기,완수,3
폭탄 및 핵무기,항주,3
폭탄 및 핵무기,중국,3
폭탄 및 핵무기,순양함,3
폭탄 및 핵무기,칠레,3
폭탄 및 핵무기,캐비테이터,3
폭탄 및 핵무기,바라쿠다,3
폭탄 및 핵무기,만재,3
폭탄 및 핵무기,고정식,3
폭탄 및 핵무기,부스터,3
폭탄 및 핵무기,쉬크,3
폭탄 및 핵무기,함,3
폭탄 및 핵무기,홍상어,3
폭탄 및 핵무기,장,3
폭탄 및 핵무기,호주,3
폭탄 및 핵무기,비금속,3
폭탄 및 핵무기,철갑탄,3
폭탄 및 핵무기,소해헬기,3
폭탄 및 핵무기,소해함,3
폭탄 및 핵무기,대잠수함전,3
폭탄 및 핵무기,북,3
폭탄 및 핵무기,전략 폭격기,3
폭탄 및 핵무기,이,3
폭탄 및 핵무기,북대서양조약기구,3
폭탄 및 핵무기,폴라리스,3
폭탄 및 핵무기,병력수송장갑차,3
폭탄 및 핵무기,페르시아만,3
폭탄 및 핵무기,유엔,3
폭탄 및 핵무기,쿠웨이트,3
폭탄 및 핵무기,아큘라급,3
폭탄 및 핵무기,레이,3
폭탄 및 핵무기,엑조세,3
폭탄 및 핵무기,탈레스,3
폭탄 및 핵무기,샤크,3
폭탄 및 핵무기,발틱,3
폭탄 및 핵무기,서독,3
폭탄 및 핵무기,에일,3
폭탄 및 핵무기,탐색기,3
폭탄 및 핵무기,보스니아,3
폭탄 및 핵무기,네덜란드,3
폭탄 및 핵무기,유럽,3
폭탄 및 핵무기,타이푼,3
폭탄 및 핵무기,화이트헤드,3
폭탄 및 핵무기,송나라,3
폭탄 및 핵무기,캐나다,2
폭탄 및 핵무기,기관포,2
폭탄 및 핵무기,음향호밍,2
폭탄 및 핵무기,유,2
폭탄 및 핵무기,오스트리아,2
폭탄 및 핵무기,열기관,2
폭탄 및 핵무기,자이로스코프,2
폭탄 및 핵무기,태평양,2
폭탄 및 핵무기,기,2
폭탄 및 핵무기,오르카,2
폭탄 및 핵무기,포세이돈,2
폭탄 및 핵무기,무선조종,2
폭탄 및 핵무기,쉬크발,2
폭탄 및 핵무기,음향학,2
폭탄 및 핵무기,해군작전사령부,2
폭탄 및 핵무기,서태평양,2
폭탄 및 핵무기,천안함,2
폭탄 및 핵무기,도산,2
폭탄 및 핵무기,안창호,2
폭탄 및 핵무기,잠망경,2
폭탄 및 핵무기,해상작전헬기,2
폭탄 및 핵무기,조현,2
폭탄 및 핵무기,수리온,2
폭탄 및 핵무기,대한민국,2
폭탄 및 핵무기,강은호,2
폭탄 및 핵무기,총포,2
폭탄 및 핵무기,양용,2
폭탄 및 핵무기,자기폭뢰,2
폭탄 및 핵무기,탄호아,2
폭탄 및 핵무기,쿠레,2
폭탄 및 핵무기,만,2
폭탄 및 핵무기,호밍,2
폭탄 및 핵무기,프리깃,2
폭탄 및 핵무기,시,2
폭탄 및 핵무기,울프,2
폭탄 및 핵무기,양현,2
폭탄 및 핵무기,아스,2
폭탄 및 핵무기,소노부이,2
폭탄 및 핵무기,일,2
폭탄 및 핵무기,인도네시아,2
폭탄 및 핵무기,볼케이노,2
폭탄 및 핵무기,서유럽,2
폭탄 및 핵무기,도하,2
폭탄 및 핵무기,산포,2
폭탄 및 핵무기,호,2
폭탄 및 핵무기,RPG-7,2
폭탄 및 핵무기,중동,2
폭탄 및 핵무기,아프간,2
폭탄 및 핵무기,부비트랩,2
폭탄 및 핵무기,스팅,2
폭탄 및 핵무기,장보,2
폭탄 및 핵무기,현측,2
폭탄 및 핵무기,해상자위대,2
폭탄 및 핵무기,로스앤젤레스,2
폭탄 및 핵무기,우달로,2
폭탄 및 핵무기,나토,2
폭탄 및 핵무기,방탄,2
폭탄 및 핵무기,AIR-2 지니,2
폭탄 및 핵무기,이탈리아,2
폭탄 및 핵무기,남,2
폭탄 및 핵무기,P-3C,2
폭탄 및 핵무기,마지노선,2
폭탄 및 핵무기,프리츠,2
폭탄 및 핵무기,요크타운,2
폭탄 및 핵무기,아르헨티나,2
폭탄 및 핵무기,헤네랄,2
폭탄 및 핵무기,벨그라노,2
폭탄 및 핵무기,공성전,2
폭탄 및 핵무기,풋볼,2
폭탄 및 핵무기,백악관,2
폭탄 및 핵무기,창섭,1
폭탄 및 핵무기,지자기,1
폭탄 및 핵무기,노르웨이,1
폭탄 및 핵무기,현대,1
폭탄 및 핵무기,무유,1
폭탄 및 핵무기,펜실베이니아,1
폭탄 및 핵무기,영어,1
폭탄 및 핵무기,능동호밍,1
폭탄 및 핵무기,송,1
폭탄 및 핵무기,전,1
폭탄 및 핵무기,이태리,1
폭탄 및 핵무기,피치,1
폭탄 및 핵무기,대서양,1
폭탄 및 핵무기,조우,1
폭탄 및 핵무기,프로파일,1
폭탄 및 핵무기,가독성,1
폭탄 및 핵무기,받음각,1
폭탄 및 핵무기,직주형,1
폭탄 및 핵무기,증기압,1
폭탄 및 핵무기,고체로켓,1
폭탄 및 핵무기,항력,1
폭탄 및 핵무기,몬테카를로,1
폭탄 및 핵무기,로직,1
폭탄 및 핵무기,기포항적,1
폭탄 및 핵무기,방위각,1
폭탄 및 핵무기,후트,1
폭탄 및 핵무기,추력,1
폭탄 및 핵무기,민,1
폭탄 및 핵무기,하박,1
폭탄 및 핵무기,김현석,1
폭탄 및 핵무기,선진,1
폭탄 및 핵무기,코브라,1
폭탄 및 핵무기,환태평양,1
폭탄 및 핵무기,캄보디아,1
폭탄 및 핵무기,아세안,1
폭탄 및 핵무기,통일각,1
폭탄 및 핵무기,연평도,1
폭탄 및 핵무기,바다,1
폭탄 및 핵무기,소뢰,1
폭탄 및 핵무기,페이브웨이,1
폭탄 및 핵무기,경남,1
폭탄 및 핵무기,디젤,1
폭탄 및 핵무기,선체고정음탐기,1
폭탄 및 핵무기,예인선배열음탐기,1
폭탄 및 핵무기,지휘통제,1
폭탄 및 핵무기,정조,1
폭탄 및 핵무기,시호크,1
폭탄 및 핵무기,국방기술품질원,1
폭탄 및 핵무기,동해,1
폭탄 및 핵무기,침로,1
폭탄 및 핵무기,연구개발,1
폭탄 및 핵무기,한화,1
폭탄 및 핵무기,차륜,1
폭탄 및 핵무기,방산,1
폭탄 및 핵무기,남해,1
폭탄 및 핵무기,호준,1
폭탄 및 핵무기,무인기뢰처리기,1
폭탄 및 핵무기,김지찬,1
폭탄 및 핵무기,천궁,1
폭탄 및 핵무기,신궁,1
폭탄 및 핵무기,해성,1
폭탄 및 핵무기,생태계,1
폭탄 및 핵무기,인공지능,1
폭탄 및 핵무기,폴란드,1
폭탄 및 핵무기,포,1
폭탄 및 핵무기,여의도,1
폭탄 및 핵무기,진,1
폭탄 및 핵무기,퀀텀,1
폭탄 및 핵무기,카만사,1
폭탄 및 핵무기,청,1
폭탄 및 핵무기,모선,1
폭탄 및 핵무기,소해구,1
폭탄 및 핵무기,터보팬,1
폭탄 및 핵무기,내해,1
폭탄 및 핵무기,잠항정,1
폭탄 및 핵무기,메리,1
폭탄 및 핵무기,맥,1
폭탄 및 핵무기,갑철,1
폭탄 및 핵무기,클러스터,1
폭탄 및 핵무기,계유,1
폭탄 및 핵무기,침저식,1
폭탄 및 핵무기,비행정,1
폭탄 및 핵무기,브릭,1
폭탄 및 핵무기,로켓탄,1
폭탄 및 핵무기,전투폭격기,1
폭탄 및 핵무기,오키나와,1
폭탄 및 핵무기,급강하폭격기,1
폭탄 및 핵무기,야마토,1
폭탄 및 핵무기,시라노,1
폭탄 및 핵무기,필리핀,1
폭탄 및 핵무기,레이테,1
폭탄 및 핵무기,무사시,1
폭탄 및 핵무기,시부야,1
폭탄 및 핵무기,부량,1
폭탄 및 핵무기,탄체,1
폭탄 및 핵무기,요코스카,1
폭탄 및 핵무기,캐롤라인,1
폭탄 및 핵무기,트룩,1
폭탄 및 핵무기,거포,1
폭탄 및 핵무기,렉스,1
폭탄 및 핵무기,장사정,1
폭탄 및 핵무기,고아,1
폭탄 및 핵무기,비행갑판,1
폭탄 및 핵무기,격납고,1
폭탄 및 핵무기,슈넬보트,1
폭탄 및 핵무기,트라이던트,1
폭탄 및 핵무기,초단파,1
폭탄 및 핵무기,론처,1
폭탄 및 핵무기,서보,1
폭탄 및 핵무기,시마노,1
폭탄 및 핵무기,구레,1
폭탄 및 핵무기,아처,1
폭탄 및 핵무기,대잠기,1
폭탄 및 핵무기,지령유도,1
폭탄 및 핵무기,라이트닝,1
폭탄 및 핵무기,주포,1
폭탄 및 핵무기,지근효과,1
폭탄 및 핵무기,함형,1
폭탄 및 핵무기,근접전투,1
폭탄 및 핵무기,공대공 미사일,1
폭탄 및 핵무기,매니퓰레이,1
폭탄 및 핵무기,폴,1
폭탄 및 핵무기,롭해즈,1
폭탄 및 핵무기,버,1
폭탄 및 핵무기,말레이시아,1
폭탄 및 핵무기,스타스,1
폭탄 및 핵무기,크리크,1
폭탄 및 핵무기,알리안트,1
폭탄 및 핵무기,테크시스템스,1
폭탄 및 핵무기,돌격포,1
폭탄 및 핵무기,티거,1
폭탄 및 핵무기,전차대,1
폭탄 및 핵무기,연장포,1
폭탄 및 핵무기,처리차,1
폭탄 및 핵무기,국제적십자위원회,1
폭탄 및 핵무기,제네바,1
폭탄 및 핵무기,마틸다,1
폭탄 및 핵무기,엘비스,1
폭탄 및 핵무기,팬더,1
폭탄 및 핵무기,제거차,1
폭탄 및 핵무기,이스라엘,1
폭탄 및 핵무기,야전포,1
폭탄 및 핵무기,대포병 레이더,1
폭탄 및 핵무기,퍼싱,1
폭탄 및 핵무기,로소,1
폭탄 및 핵무기,스웨덴,1
폭탄 및 핵무기,새턴,1
폭탄 및 핵무기,넵튠,1
폭탄 및 핵무기,홍해,1
폭탄 및 핵무기,호르무즈,1
폭탄 및 핵무기,욤,1
폭탄 및 핵무기,키푸르,1
폭탄 및 핵무기,수에즈,1
폭탄 및 핵무기,소티,1
폭탄 및 핵무기,페트렐,1
폭탄 및 핵무기,통킹,1
폭탄 및 핵무기,연안전투함,1
폭탄 및 핵무기,수상전,1
폭탄 및 핵무기,레고,1
폭탄 및 핵무기,뉴질랜드,1
폭탄 및 핵무기,이재필,1
폭탄 및 핵무기,군용기,1
폭탄 및 핵무기,프레데터,1
폭탄 및 핵무기,블랙,1
폭탄 및 핵무기,공압식,1
폭탄 및 핵무기,피오르드,1
폭탄 및 핵무기,폭스트롯,1
폭탄 및 핵무기,킹클립,1
폭탄 및 핵무기,디핑,1
폭탄 및 핵무기,로우,1
폭탄 및 핵무기,우현,1
폭탄 및 핵무기,왕립해군,1
폭탄 및 핵무기,포드,1
폭탄 및 핵무기,쓰시마,1
폭탄 및 핵무기,무장류,1
폭탄 및 핵무기,트라이턴,1
폭탄 및 핵무기,호밍식,1
폭탄 및 핵무기,아스파이드,1
폭탄 및 핵무기,오토 멜라라,1
폭탄 및 핵무기,이탈리아어,1
폭탄 및 핵무기,채프,1
폭탄 및 핵무기,닉시,1
폭탄 및 핵무기,엘머,1
폭탄 및 핵무기,스페리,1
폭탄 및 핵무기,피터,1
폭탄 및 핵무기,쿠퍼,1
폭탄 및 핵무기,휴이트,1
폭탄 및 핵무기,가리발디,1
폭탄 및 핵무기,톰슨,1
폭탄 및 핵무기,일렉트로닉,1
폭탄 및 핵무기,보포스,1
폭탄 및 핵무기,토페도,1
폭탄 및 핵무기,루이스,1
폭탄 및 핵무기,심슨,1
폭탄 및 핵무기,미니건,1
폭탄 및 핵무기,마트카,1
폭탄 및 핵무기,정은,1
폭탄 및 핵무기,인도,1
폭탄 및 핵무기,오야,1
폭탄 및 핵무기,토마호크 순항미사일,1
폭탄 및 핵무기,시울프급,1
폭탄 및 핵무기,유압식,1
폭탄 및 핵무기,신조,1
폭탄 및 핵무기,삼각대,1
폭탄 및 핵무기,이베코,1
폭탄 및 핵무기,유니,1
폭탄 및 핵무기,크라우스,1
폭탄 및 핵무기,마파이,1
폭탄 및 핵무기,딩고,1
폭탄 및 핵무기,브리처,1
폭탄 및 핵무기,이동로,1
폭탄 및 핵무기,그리즐리,1
폭탄 및 핵무기,기갑,1
폭탄 및 핵무기,사우디,1
폭탄 및 핵무기,박격포,1
폭탄 및 핵무기,의무후송,1
폭탄 및 핵무기,구난구호,1
폭탄 및 핵무기,경무,1
폭탄 및 핵무기,피어슨,1
폭탄 및 핵무기,전투공병,1
폭탄 및 핵무기,레오파르트 2,1
폭탄 및 핵무기,개틀링,1
폭탄 및 핵무기,캐터필러,1
폭탄 및 핵무기,근접항공지원,1
폭탄 및 핵무기,장간,1
폭탄 및 핵무기,블레이저,1
폭탄 및 핵무기,코소보,1
폭탄 및 핵무기,클래스,1
폭탄 및 핵무기,제우스,1
폭탄 및 핵무기,워리어,1
폭탄 및 핵무기,번개사업,1
폭탄 및 핵무기,마이티 마우스,1
폭탄 및 핵무기,요격기,1
폭탄 및 핵무기,벨기에,1
폭탄 및 핵무기,터키,1
폭탄 및 핵무기,마크,1
폭탄 및 핵무기,백병전,1
폭탄 및 핵무기,북아일랜드,1
폭탄 및 핵무기,성형작약탄,1
폭탄 및 핵무기,M65 원자포,1
폭탄 및 핵무기,안트베르펜,1
폭탄 및 핵무기,멀티플레이어,1
폭탄 및 핵무기,원산,1
폭탄 및 핵무기,기함,1
폭탄 및 핵무기,데이비드,1
폭탄 및 핵무기,부쉬넬,1
폭탄 및 핵무기,로버트,1
폭탄 및 핵무기,풀턴,1
폭탄 및 핵무기,만국평화회의,1
폭탄 및 핵무기,트리폴리,1
폭탄 및 핵무기,프린스턴,1
폭탄 및 핵무기,물리량,1
폭탄 및 핵무기,흘수선,1
폭탄 및 핵무기,델라웨어,1
폭탄 및 핵무기,카이로,1
폭탄 및 핵무기,사무엘,1
폭탄 및 핵무기,콜트,1
폭탄 및 핵무기,라인메탈,1
폭탄 및 핵무기,비토리오,1
폭탄 및 핵무기,베네토,1
폭탄 및 핵무기,루프트바페,1
폭탄 및 핵무기,소드,1
폭탄 및 핵무기,비스마르크,1
폭탄 및 핵무기,손,1
폭탄 및 핵무기,콩쿼러,1
폭탄 및 핵무기,오스만,1
폭탄 및 핵무기,순양전함,1
폭탄 및 핵무기,터보프롭,1
폭탄 및 핵무기,용골,1
폭탄 및 핵무기,세종대왕함,1
폭탄 및 핵무기,괌,1
폭탄 및 핵무기,오클라호마시티,1
폭탄 및 핵무기,주문진항 해전,1
폭탄 및 핵무기,볼티모어,1
폭탄 및 핵무기,로스엔젤레스,1
폭탄 및 핵무기,포탑,1
폭탄 및 핵무기,파운더,1
폭탄 및 핵무기,후크,1
폭탄 및 핵무기,울산급 호위함,1
폭탄 및 핵무기,북극,1
폭탄 및 핵무기,초저주파,1
폭탄 및 핵무기,스카파,1
폭탄 및 핵무기,플로,1
폭탄 및 핵무기,오크,1
폭탄 및 핵무기,아크 로열,1
폭탄 및 핵무기,유보트,1
폭탄 및 핵무기,경어뢰,1
폭탄 및 핵무기,헤셀만,1
폭탄 및 핵무기,경순양함,1
폭탄 및 핵무기,적십자사,1
폭탄 및 핵무기,오타와,1
폭탄 및 핵무기,탄,1
폭탄 및 핵무기,안토노프,1
폭탄 및 핵무기,메르카바 전차,1
폭탄 및 핵무기,로켓포,1
폭탄 및 핵무기,산탄,1
폭탄 및 핵무기,실크로드,1
폭탄 및 핵무기,쇼베르트,1
폭탄 및 핵무기,네이팜,1
폭탄 및 핵무기,게르니카,1
폭탄 및 핵무기,드레스덴,1
폭탄 및 핵무기,판도라,1
폭탄 및 핵무기,체겟,1
폭탄 및 핵무기,유리 안드로포프,1
폭탄 및 핵무기,유고,1
폭탄 및 핵무기,레이븐,1
폭탄 및 핵무기,E-4 나이트워치,1
항공병기,공격기,526
항공병기,정찰기,294
항공병기,미,273
항공병기,미국,218
항공병기,라팔,212
항공병기,T-50,177
항공병기,아파치,173
항공병기,프랑스,127
항공병기,미라주 2000,120
항공병기,공중급유기,108
항공병기,중국,97
항공병기,소련,95
항공병기,영국,90
항공병기,러시아,88
항공병기,A-10,85
항공병기,해리어,82
항공병기,프레데터,76
항공병기,수리온,74
항공병기,5세대 전투기,70
항공병기,무인전투기,67
항공병기,한국,66
항공병기,미라주,59
항공병기,이라크,52
항공병기,J-20,50
항공병기,인도네시아,50
항공병기,전익기,49
항공병기,F-4 팬텀,49
항공병기,스피트파이어,48
항공병기,한국항공우주산업,45
항공병기,경,44
항공병기,일본,43
항공병기,훈련기,41
항공병기,유로파이터 타이푼,41
항공병기,인도,40
항공병기,Su-30,40
항공병기,코브라 공격헬기,40
항공병기,헬파이어,38
항공병기,스텔스,36
항공병기,유럽,36
항공병기,북한,36
항공병기,독일,36
항공병기,P-3C,35
항공병기,함재기,35
항공병기,F-22 랩터,33
항공병기,전략 폭격기,32
항공병기,백두,30
항공병기,보잉,28
항공병기,태국,28
항공병기,이스라엘,27
항공병기,B-52 폭격기,27
항공병기,록히드,24
항공병기,F-2,23
항공병기,대한민국,23
항공병기,Mi-24 하인드 공격헬기,23
항공병기,이란,22
항공병기,폴란드,22
항공병기,호크,21
항공병기,전자전기,20
항공병기,아파치 가디언,20
항공병기,이탈리아,20
항공병기,A-6 인트루더,19
항공병기,에어쇼,18
항공병기,필리핀,18
항공병기,장갑차,17
항공병기,C-5 갤럭시,17
항공병기,B-2 스피릿,16
항공병기,이집트,16
항공병기,크루세이더,16
항공병기,수호이,15
항공병기,마틴,15
항공병기,대형 수송기,15
항공병기,페루,15
항공병기,그리스,15
항공병기,이글스,14
항공병기,E-8 조인트 스타즈,14
항공병기,F-14 톰캣,14
항공병기,아프가니스탄,14
항공병기,리퍼,14
항공병기,리비아,14
항공병기,한반도,13
항공병기,대전,13
항공병기,더글러스,13
항공병기,보라매,13
항공병기,군용기,13
항공병기,골든 이글,13
항공병기,대만,13
항공병기,방산,13
항공병기,걸프,13
항공병기,요격기,13
항공병기,마하,13
항공병기,공대공 미사일,12
항공병기,다쏘,12
항공병기,베트남,12
항공병기,아르헨티나,12
항공병기,야크,12
항공병기,걸프전,11
항공병기,F-35 라이트닝 II,11
항공병기,스페인,11
항공병기,말레이시아,11
항공병기,C-130 허큘리스,11
항공병기,그레이,10
항공병기,피스아이,10
항공병기,근접항공지원,10
항공병기,맥도넬,10
항공병기,워리어,10
항공병기,F/A-18E/F 슈퍼 호넷,10
항공병기,PAK FA,10
항공병기,카나드,10
항공병기,파키스탄,10
항공병기,중앙정보국,10
항공병기,AC-130 건십,10
항공병기,포커 삼엽기,10
항공병기,F-15 이글,9
항공병기,바이퍼,9
항공병기,스웨덴,9
항공병기,뇌격기,9
항공병기,재규어,9
항공병기,롱보우,9
항공병기,카타르,9
항공병기,유,8
항공병기,항공자위대,8
항공병기,포드,8
항공병기,스위스,8
항공병기,나토,8
항공병기,아프리카,8
항공병기,초음속,8
항공병기,선더볼트,8
항공병기,F-100 슈퍼 세이버,8
항공병기,JAS 39 그리펜,8
항공병기,항공전,8
항공병기,F-111 아드바크,8
항공병기,미쓰비시,8
항공병기,코브라,8
항공병기,투폴레프,8
항공병기,정찰위성,7
항공병기,중동,7
항공병기,금강,7
항공병기,AH-1Z 바이퍼,7
항공병기,항공대,7
항공병기,초계기,7
항공병기,유로파이터,7
항공병기,기갑,7
항공병기,한미,7
항공병기,비행대대,7
항공병기,시리아,7
항공병기,스카,7
항공병기,아프간,7
항공병기,국방일보,7
항공병기,하푼,7
항공병기,버캐니어,7
항공병기,UH-60 블랙호크,6
항공병기,브래들리,6
항공병기,대한항공,6
항공병기,미그,6
항공병기,록히드마틴,6
항공병기,북대서양조약기구,6
항공병기,트라팔가,6
항공병기,함포,6
항공병기,기관포,6
항공병기,팬텀,6
항공병기,로미오,6
항공병기,팰컨,6
항공병기,타이거,6
항공병기,사이드와인더,6
항공병기,UH-1 휴이,6
항공병기,브라질,6
항공병기,네덜란드,6
항공병기,보스니아,6
항공병기,코소보,6
항공병기,미라주 F1 전투기,6
항공병기,터보팬,5
항공병기,동남아시아,5
항공병기,타임스,5
항공병기,라이트닝,5
항공병기,마린,5
항공병기,콜롬비아,5
항공병기,에어,5
항공병기,오산,5
항공병기,민수,5
항공병기,호주,5
항공병기,사브,5
항공병기,함,5
항공병기,에탕다르,5
항공병기,그러먼,5
항공병기,태평양,5
항공병기,타이완,5
항공병기,토네이도,5
항공병기,티어,5
항공병기,썬더볼트,5
항공병기,노스롭,5
항공병기,F-117A 나이트호크,5
항공병기,중화민국,5
항공병기,로열,5
항공병기,싱가포르,5
항공병기,징궈,5
항공병기,탈레스,5
항공병기,터키,5
항공병기,쿠바,5
항공병기,가리발디,5
항공병기,스텔스기,4
항공병기,청두,4
항공병기,운용,4
항공병기,애프터 버너,4
항공병기,기뢰,4
항공병기,일렉트릭,4
항공병기,드래곤 레이디,4
항공병기,노르웨이,4
항공병기,남미,4
항공병기,천궁,4
항공병기,서울,4
항공병기,바르샤바,4
항공병기,현대로템,4
항공병기,한화,4
항공병기,블랙,4
항공병기,드,4
항공병기,F-5 전투기,4
항공병기,Mi-28 하보크,4
항공병기,V-22 오스프리,4
항공병기,롤스로이스,4
항공병기,영어,4
항공병기,사우디아라비아,4
항공병기,오스트레일리아,4
항공병기,페어차일드,4
항공병기,바이,4
항공병기,다이내믹스,4
항공병기,넵튠,4
항공병기,OH-58 카이오와,4
항공병기,복좌,4
항공병기,파크파,4
항공병기,에콰도르,4
항공병기,북아프리카,4
항공병기,머스탱,4
항공병기,드골,4
항공병기,세르비아,4
항공병기,대구경다련장로켓,4
항공병기,팔라딘,4
항공병기,B-29 슈퍼포트리스,4
항공병기,만재,4
항공병기,월남전,4
항공병기,마요,4
항공병기,경항공모함,4
항공병기,아랍에미리트,3
항공병기,킬체인,3
항공병기,중,3
항공병기,최,3
항공병기,카이오와,3
항공병기,터보샤프트,3
항공병기,디코이,3
항공병기,자주포,3
항공병기,공중조기경보통제,3
항공병기,천무,3
항공병기,주하이,3
항공병기,프로토타입,3
항공병기,푸틴,3
항공병기,랜서,3
항공병기,스트라이크,3
항공병기,부산,3
항공병기,경공,3
항공병기,유라시아,3
항공병기,크로아티아,3
항공병기,독도,3
항공병기,제너럴,3
항공병기,이,3
항공병기,백두산,3
항공병기,야코블레프,3
항공병기,리마,3
항공병기,루마니아,3
항공병기,K-9 자주포,3
항공병기,함상기,3
항공병기,헝가리,3
항공병기,전투폭격기,3
항공병기,연락기,3
항공병기,기총,3
항공병기,노스,3
항공병기,제네럴,3
항공병기,어벤저,3
항공병기,EA-6B 프라울러,3
항공병기,전자전,3
항공병기,F-15J 이글,3
항공병기,공대지,3
항공병기,탄두,3
항공병기,칼,3
항공병기,리두스,3
항공병기,페어리,3
항공병기,토마호크,3
항공병기,북베트남,3
항공병기,샤를,3
항공병기,서독,3
항공병기,스네크마,3
항공병기,스탠드 오프,3
항공병기,멀린,3
항공병기,섀도우,3
항공병기,비행갑판,3
항공병기,라보,3
항공병기,나이트,3
항공병기,반시,3
항공병기,빈라덴,3
항공병기,F-15K 슬램이글,3
항공병기,건십,3
항공병기,발칸,3
항공병기,토우 대전차 미사일,3
항공병기,Su-27 플랭커,3
항공병기,포클랜드,3
항공병기,허리케인 전투기,3
항공병기,카에다,3
항공병기,단면적,2
항공병기,터보제트,2
항공병기,핵잠수함,2
항공병기,항법,2
항공병기,하이난,2
항공병기,동부,2
항공병기,파리,2
항공병기,에이브,2
항공병기,상륙작전,2
항공병기,광둥성,2
항공병기,마이티,2
항공병기,크루,2
항공병기,워쏘그,2
항공병기,로이드 오스틴,2
항공병기,쑹,2
항공병기,피닉스,2
항공병기,남중국해,2
항공병기,두바이,2
항공병기,우루과이,2
항공병기,중남미,2
항공병기,박,2
항공병기,어뢰,2
항공병기,에어버스,2
항공병기,서벵갈주,2
항공병기,슈퍼호넷,2
항공병기,옴니,2
항공병기,미티어,2
항공병기,틸트로터,2
항공병기,경기도,2
항공병기,흑표,2
항공병기,완수,2
항공병기,LIG넥스원,2
항공병기,그라울러,2
항공병기,트리톤,2
항공병기,서,2
항공병기,알,2
항공병기,장,2
항공병기,경남,2
항공병기,사천,2
항공병기,차코,2
항공병기,두다,2
항공병기,부아쉬착,2
항공병기,보잉사,2
항공병기,아비오,2
항공병기,에어로,2
항공병기,벨,2
항공병기,특수작전,2
항공병기,크피르,2
항공병기,소노부이,2
항공병기,P-51 머스탱,2
항공병기,배수량,2
항공병기,소비에트,2
항공병기,체코,2
항공병기,경계기,2
항공병기,급유기,2
항공병기,구조기,2
항공병기,구난기,2
항공병기,지휘기,2
항공병기,프로브,2
항공병기,암호명,2
항공병기,바이슨,2
항공병기,르,2
항공병기,넬슨,2
항공병기,기함,2
항공병기,빅토리,2
항공병기,코만치,2
항공병기,유로콥터사,2
항공병기,카모프,2
항공병기,노스럽,2
항공병기,더글라스,2
항공병기,오스트리아,2
항공병기,복엽식,2
항공병기,타넨베르크 전투,2
항공병기,아라도,2
항공병기,버드,2
항공병기,데이비스,2
항공병기,몬산,2
항공병기,울버린,2
항공병기,시호크,2
항공병기,그루먼이,2
항공병기,험비,2
항공병기,미니트맨,2
항공병기,카이,2
항공병기,파이터,2
항공병기,장창,2
항공병기,추력편향,2
항공병기,왕립해군,2
항공병기,롤스,2
항공병기,로이스,2
항공병기,스페이,2
항공병기,라비,2
항공병기,포레,2
항공병기,스탈,2
항공병기,빅토르 본다레프,2
항공병기,소티,2
항공병기,스콜피온,2
항공병기,김일성,2
항공병기,레오나르도,2
항공병기,천마호,2
항공병기,독,2
항공병기,링스,2
항공병기,기만기,2
항공병기,주익,2
항공병기,스카이,2
항공병기,모로코,2
항공병기,요르단,2
항공병기,토마호크 순항미사일,2
항공병기,파이어플라이,2
항공병기,퀸,2
항공병기,조지아,2
항공병기,호커,2
항공병기,페이브웨이,2
항공병기,국제안보지원군,2
항공병기,세르발,2
항공병기,서아프리카,2
항공병기,말리,2
항공병기,떼자스,2
항공병기,바스티유,2
항공병기,양산,2
항공병기,복좌형,2
항공병기,에땅다르,2
항공병기,벨기에,2
항공병기,덴마크,2
항공병기,사이드,2
항공병기,신주,2
항공병기,아부다비,2
항공병기,아르마,2
항공병기,엠브라에르,2
항공병기,페이브로우,2
항공병기,노르망디,2
항공병기,어거스타웨,2
항공병기,스트랜드,2
항공병기,트렌치,2
항공병기,쿠웨이트,2
항공병기,프랑스어,2
항공병기,세미,2
항공병기,동해,2
항공병기,게리,2
항공병기,파워즈,2
항공병기,파이어비,2
항공병기,레바논,2
항공병기,경무,2
항공병기,파이오니어,2
항공병기,군산,2
항공병기,노스아메리칸,2
항공병기,블랙버드,2
항공병기,커맨더,2
항공병기,블레이드,2
항공병기,주세페 가리발디,2
항공병기,시,2
항공병기,A-4 스카이호크 공격기,2
항공병기,엔터프라이즈,2
항공병기,버지니아,2
항공병기,조지,2
항공병기,알렌,2
항공병기,특수부대,2
항공병기,E-4 나이트워치,2
항공병기,단좌,2
항공병기,맥나마라,2
항공병기,J-11 전투기,2
항공병기,무자헤딘,2
항공병기,MiG-19 파머,2
항공병기,MiG-21 피쉬베드,2
항공병기,해상작전헬기,2
항공병기,추력,2
항공병기,블랙 이글,2
항공병기,클랜,2
항공병기,슈페,2
항공병기,엑조세,2
항공병기,레이,2
항공병기,란센,2
항공병기,블랙번 버캐니어,2
항공병기,포스,2
항공병기,그레이드,2
항공병기,카르,2
항공병기,유고슬라비아,2
항공병기,켄트,2
항공병기,로터,2
항공병기,노드롭,2
항공병기,호르텐,2
항공병기,연평도,2
항공병기,대포병 레이더,2
항공병기,합성개구레이더,2
항공병기,예멘,2
항공병기,빈,2
항공병기,라덴,2
항공병기,저피탐,1
항공병기,공대공유도탄,1
항공병기,모드,1
항공병기,장수명,1
항공병기,테자스,1
항공병기,윙맨,1
항공병기,아프카니스탄,1
항공병기,허니웰,1
항공병기,탐색기,1
항공병기,오,1
항공병기,유인체,1
항공병기,잡음재밍,1
항공병기,기만재밍,1
항공병기,스푸핑,1
항공병기,리버스,1
항공병기,미스트,1
항공병기,아라우,1
항공병기,신,1
항공병기,오키나와,1
항공병기,화포,1
항공병기,돌격대,1
항공병기,이즈모,1
항공병기,젠,1
항공병기,제인,1
항공병기,유리,1
항공병기,슬리우사,1
항공병기,유나이티드,1
항공병기,블라디미르,1
항공병기,마라도,1
항공병기,국제시장,1
항공병기,에드워즈,1
항공병기,부스터,1
항공병기,캘리포니아,1
항공병기,맥도널,1
항공병기,펠론,1
항공병기,강서구,1
항공병기,수원,1
항공병기,경기,1
항공병기,수원시,1
항공병기,환구시보,1
항공병기,주하,1
항공병기,플라이바이,1
항공병기,선양,1
항공병기,쑹중핑,1
항공병기,내셔널,1
항공병기,레스,1
항공병기,내셔널인터레스트지가,1
항공병기,중국공산당,1
항공병기,박근영,1
항공병기,강원,1
항공병기,횡성군,1
항공병기,멕시코,1
항공병기,시그너스,1
항공병기,노드,1
항공병기,라즈나트 싱,1
항공병기,펀잡주,1
항공병기,암발라,1
항공병기,타임즈,1
항공병기,파자르,1
항공병기,충남,1
항공병기,태안,1
항공병기,무미익,1
항공병기,마리,1
항공병기,블랙 호크,1
항공병기,피터,1
항공병기,슈미트,1
항공병기,페이스북,1
항공병기,평택,1
항공병기,험프리스,1
항공병기,가디언,1
항공병기,차륜형 장갑차,1
항공병기,백호,1
항공병기,이보,1
항공병기,라이언,1
항공병기,도널드,1
항공병기,한미연합사단,1
항공병기,아덱스,1
항공병기,토니 블링컨,1
항공병기,김한규,1
항공병기,문재인,1
항공병기,보와르디,1
항공병기,뎅블린,1
항공병기,아랍에미리트연합,1
항공병기,메타버스,1
항공병기,롯데호텔,1
항공병기,바트,1
항공병기,레드,1
항공병기,증권거래소,1
항공병기,디펜스,1
항공병기,동남아,1
항공병기,벨라루스,1
항공병기,안현호,1
항공병기,우크라이나,1
항공병기,슬로바키아,1
항공병기,키엘체,1
항공병기,동구권,1
항공병기,한라,1
항공병기,산드로,1
항공병기,폴리,1
항공병기,윤,1
항공병기,지뢰,1
항공병기,소해헬기,1
항공병기,지휘통제,1
항공병기,트롤,1
항공병기,괌,1
항공병기,하인드,1
항공병기,플랭커,1
항공병기,록히드사,1
항공병기,야마토,1
항공병기,쿠레,1
항공병기,연장포,1
항공병기,테이,1
항공병기,미드웨이,1
항공병기,불가리아,1
항공병기,앙골라,1
항공병기,유로콥터,1
항공병기,B1,1
항공병기,K2,1
항공병기,앤드,1
항공병기,포츠머스,1
항공병기,러시아로스브로제니아의,1
항공병기,전열함,1
항공병기,모스키토,1
항공병기,프레더터,1
항공병기,글러버,1
항공병기,차드,1
항공병기,체코슬로바키아,1
항공병기,뉴기니,1
항공병기,에드리히,1
항공병기,다우베기,1
항공병기,급강하폭격기,1
항공병기,시갈,1
항공병기,커티스,1
항공병기,복엽,1
항공병기,모스크바,1
항공병기,스가,1
항공병기,썬더,1
항공병기,로켓런처,1
항공병기,애리조나,1
항공병기,주,1
항공병기,사우스캐롤라이나,1
항공병기,열병식,1
항공병기,제공권,1
항공병기,롭,1
항공병기,케산,1
항공병기,갤럭시,1
항공병기,컴패스,1
항공병기,콜,1
항공병기,진영,1
항공병기,비행단,1
항공병기,터너,1
항공병기,스파르탄,1
항공병기,정,1
항공병기,부조종사,1
항공병기,은자메나,1
항공병기,그루먼,1
항공병기,콘셉트,1
항공병기,미쓰비시중공업,1
항공병기,웨스팅하우스,1
항공병기,프리덤,1
항공병기,F-20 타이거샤크,1
항공병기,블랙 위도우,1
항공병기,락웰,1
항공병기,인터내셔널,1
항공병기,주니,1
항공병기,미들급,1
항공병기,로우,1
항공병기,허웨이롱,1
항공병기,플라이바이와이어,1
항공병기,아랍,1
항공병기,리미트,1
항공병기,스모크,1
항공병기,분사기,1
항공병기,한일,1
항공병기,검독수리,1
항공병기,남한,1
항공병기,패튼,1
항공병기,고익,1
항공병기,땅크,1
항공병기,M1 에이브람스 전차,1
항공병기,아에르마끼,1
항공병기,수평미익,1
항공병기,카본,1
항공병기,니카라과,1
항공병기,항력,1
항공병기,은,1
항공병기,바티,1
항공병기,세네파,1
항공병기,드래곤플라이,1
항공병기,아에로스파시알,1
항공병기,푸마,1
항공병기,세스나,1
항공병기,브로드,1
항공병기,베이,1
항공병기,보우,1
항공병기,아에리탈리아와,1
항공병기,라오스,1
항공병기,소모성,1
항공병기,텍산,1
항공병기,데몬,1
항공병기,에드,1
항공병기,하인먼,1
항공병기,라틴어,1
항공병기,노바,1
항공병기,에르,1
항공병기,록웰,1
항공병기,콜린스,1
항공병기,남아프리카,1
항공병기,실카,1
항공병기,랑카위,1
항공병기,함재,1
항공병기,엘리자베스,1
항공병기,푸카라,1
항공병기,마트라,1
항공병기,M4 셔먼 전차,1
항공병기,워호크,1
항공병기,시들레이,1
항공병기,터보메카,1
항공병기,아도어,1
항공병기,프로보스트,1
항공병기,현대,1
항공병기,민,1
항공병기,초강대국,1
항공병기,욤,1
항공병기,키푸르,1
항공병기,현,1
항공병기,애리조나주,1
항공병기,드로그,1
항공병기,아드바크,1
항공병기,랑데부,1
항공병기,수색구난기,1
항공병기,버디,1
항공병기,글로브,1
항공병기,벵가지,1
항공병기,하르마탄,1
항공병기,샤말,1
항공병기,보르도,1
항공병기,시어도어,1
항공병기,루스벨트,1
항공병기,캐터펄트와,1
항공병기,어레스트,1
항공병기,기어,1
항공병기,F1,1
항공병기,메시에르,1
항공병기,다우티,1
항공병기,넥스터,1
항공병기,시스템즈,1
항공병기,자끄,1
항공병기,시라크,1
항공병기,캐나다,1
항공병기,포슈,1
항공병기,단좌형,1
항공병기,슈페르,1
항공병기,헤라클레스,1
항공병기,스톰,1
항공병기,섀도,1
항공병기,스캘프,1
항공병기,스나이퍼,1
항공병기,탈리오스,1
항공병기,바이저,1
항공병기,니콜라,1
항공병기,사르코지,1
항공병기,크레이토스,1
항공병기,헤르체고비나,1
항공병기,이글라,1
항공병기,히말라야,1
항공병기,매직,1
항공병기,다모클레스,1
항공병기,중화인민공화국,1
항공병기,유고,1
항공병기,터보,1
항공병기,섹스턴트,1
항공병기,카길,1
항공병기,란드,1
항공병기,하커,1
항공병기,육상자위대,1
항공병기,바그다드,1
항공병기,오션,1
항공병기,엄폐,1
항공병기,미사일사령부,1
항공병기,쉬데스트,1
항공병기,광전계,1
항공병기,웰링턴,1
항공병기,군관구,1
항공병기,버그,1
항공병기,재사용,1
항공병기,캄파니아,1
항공병기,소드피쉬,1
항공병기,러시아어,1
항공병기,서유럽,1
항공병기,쿠트,1
항공병기,레이돔,1
항공병기,U-2,1
항공병기,프랜시스,1
항공병기,중앙일보,1
항공병기,개리,1
항공병기,베카,1
항공병기,시리아군,1
항공병기,커티스 르메이,1
항공병기,발키리,1
항공병기,토미치,1
항공병기,모호크,1
항공병기,렌스크,1
항공병기,아이젠하워,1
항공병기,트루먼,1
항공병기,스티브 브로디,1
항공병기,흑해,1
항공병기,렌드,1
항공병기,리스,1
항공병기,허드슨,1
항공병기,필라투스,1
항공병기,개리 파워스,1
항공병기,네이선,1
항공병기,트와이닝,1
항공병기,마벨,1
항공병기,커스텀,1
항공병기,보더,1
항공병기,스페셜,1
항공병기,팰콘,1
항공병기,셰도우,1
항공병기,레이디,1
항공병기,케스트렐,1
항공병기,캐리,1
항공병기,모하비,1
항공병기,아브라함,1
항공병기,사파리,1
항공병기,아이즈,1
항공병기,스마트폭탄,1
항공병기,진수,1
항공병기,축외,1
항공병기,어거스,1
항공병기,나르벳,1
항공병기,마타도르,1
항공병기,파나비아,1
항공병기,카보우르,1
항공병기,스탠리,1
항공병기,빔,1
항공병기,파크,1
항공병기,혹멧돼지,1
항공병기,스커드,1
항공병기,톰,1
항공병기,클랜시,1
항공병기,압하지아,1
항공병기,체첸,1
항공병기,단비,1
항공병기,미니건,1
항공병기,B-17 플라잉 포트리스,1
항공병기,B-36 피스메이커,1
항공병기,라인,1
항공병기,베커,1
항공병기,스트래토포트리스,1
항공병기,버프,1
항공병기,수소폭탄,1
항공병기,환초,1
항공병기,하운드,1
항공병기,루슬란,1
항공병기,CN-235M 슈퍼 트루퍼,1
항공병기,핵가방,1
항공병기,레이븐,1
항공병기,카프지 전투,1
항공병기,카프지,1
항공병기,장사정포,1
항공병기,R2B : 리턴투베이스,1
항공병기,동북아시아,1
항공병기,미츠비시사,1
항공병기,동일본,1
항공병기,주역,1
항공병기,랩터,1
항공병기,KT-1 웅비,1
항공병기,소말리아,1
항공병기,에티오피아,1
항공병기,동구,1
항공병기,스팅,1
항공병기,MiG-17 프레스코 전투기,1
항공병기,MiG-23 플로거,1
항공병기,MiG-29 펄크럼,1
항공병기,대한해협,1
항공병기,잠망경,1
항공병기,천안함,1
항공병기,터보프롭,1
항공병기,대함미사일,1
항공병기,P-8A 포세이돈,1
항공병기,Su-25 프로그풋,1
항공병기,판,1
항공병기,김홍,1
항공병기,미코얀사,1
항공병기,광화문,1
항공병기,삼성항공,1
항공병기,제너럴일렉트릭,1
항공병기,아에르마키,1
항공병기,타이거 샤크,1
항공병기,휴즈,1
항공병기,여명,1
항공병기,코르세어,1
항공병기,시아,1
항공병기,장량,1
항공병기,무수단,1
항공병기,하이네,1
항공병기,오디세이,1
항공병기,슈퍼캐리어,1
항공병기,인트,1
항공병기,봄캣,1
항공병기,제공기,1
항공병기,임계,1
항공병기,슈라이크,1
항공병기,미주리주,1
항공병기,세인트루이스,1
항공병기,T-34 전차,1
항공병기,매버릭,1
항공병기,인트루더,1
항공병기,해군기,1
항공병기,하선,1
항공병기,콜세어,1
항공병기,야마모토 이소로쿠,1
항공병기,미드웨이 해전,1
항공병기,아크 로열,1
항공병기,루델,1
항공병기,트로츠뎀,1
항공병기,독일어,1
항공병기,하베스트,1
항공병기,와일드,1
항공병기,위즐,1
항공병기,체,1
항공병기,라이드,1
항공병기,드 하빌랜드 뱀파이어,1
항공병기,판보로,1
항공병기,제라르,1
항공병기,롱게,1
항공병기,슈페르에땅따르,1
항공병기,쉬프랑급,1
항공병기,바라쿠다,1
항공병기,충무공,1
항공병기,이순신함,1
항공병기,시스템즈사,1
항공병기,타라니스,1
항공병기,알레니아사가,1
항공병기,암검,1
항공병기,국방과학연구소,1
항공병기,동북아,1
항공병기,키프로스,1
항공병기,사브 J35 드라켄,1
항공병기,드라켄,1
항공병기,쿠거,1
항공병기,맹금류,1
항공병기,조선닷컴,1
항공병기,휴 다우딩,1
항공병기,만,1
항공병기,됭케르크,1
항공병기,영연방,1
항공병기,추축국,1
항공병기,양륙함,1
항공병기,웨스,1
항공병기,카르발라,1
항공병기,메디나,1
항공병기,파나마,1
항공병기,메인,1
항공병기,팔레스타인,1
항공병기,하마스,1
항공병기,공,1
항공병기,레이큰히스,1
항공병기,캐널리,1
항공병기,기체수,1
항공병기,AIR-2 지니,1
항공병기,마이티 마우스,1
항공병기,히로시마,1
항공병기,나가사키,1
항공병기,마무트,1
항공병기,잭,1
항공병기,나치,1
항공병기,괴링,1
항공병기,파이오니아,1
항공병기,워치콘,1
항공병기,써처,1
항공병기,송골매,1
항공병기,아리랑3호,1
항공병기,코로나,1
항공병기,켈리,1
항공병기,존슨,1
항공병기,에트리히,1
항공병기,제6탐색구조비행전대,1
항공병기,소,1
항공병기,우리,1
항공병기,남포,1
항공병기,함흥,1
항공병기,견인포,1
항공병기,곡사포,1
항공병기,치누크 수송헬기,1
항공병기,휴이,1
항공병기,토우,1
항공병기,서해,1
항공병기,아킬레스,1
항공병기,마리브,1
항공병기,하르티,1
항공병기,샴시,1
항공병기,부시,1
항공병기,오바마,1
항공병기,그루만사,1
항공병기,톱해트,1
항공병기,탑햇,1
항공병기,애틀랜틱,1
항공병기,최전선,1
항공병기,크필,1
항공병기,미라지,1
항공병기,미라,1
항공병기,후안,1
항공병기,카를로스,1
항공병기,강습상륙함,1
항공병기,스핏화이어,1
항공병기,어스,1
항공병기,인빈서블,1
해상병기,경항공모함,95
해상병기,영국,58
해상병기,강습상륙함,57
해상병기,순양전함,51
해상병기,미,50
해상병기,독도함,42
해상병기,세종대왕함,37
해상병기,한국,36
해상병기,미국,33
해상병기,아크 로열,32
해상병기,연안전투함,26
해상병기,전차상륙함,26
해상병기,일본,22
해상병기,랴오닝호,20
해상병기,알레이버크급 구축함,20
해상병기,아이오와급 전함,19
해상병기,울산급 호위함,17
해상병기,버지니아급 잠수함,16
해상병기,독일,16
해상병기,배수량,15
해상병기,스페인,15
해상병기,리버티선,15
해상병기,이탈리아,14
해상병기,윤영하급 미사일 고속함,13
해상병기,함포,13
해상병기,중국,11
해상병기,울산,11
해상병기,함재기,11
해상병기,비행갑판,10
해상병기,후드,9
해상병기,타라와,9
해상병기,45형 데어링급 구축함,8
해상병기,인빈서블,8
해상병기,상륙작전,7
해상병기,만재,7
해상병기,현대중공업,6
해상병기,세종,6
해상병기,아메리카,6
해상병기,대한민국,6
해상병기,순양함,6
해상병기,기함,6
해상병기,충무공,5
해상병기,이순신,5
해상병기,플라이트,5
해상병기,상륙돌격장갑차,5
해상병기,전함 비스마르크,5
해상병기,카보우르,5
해상병기,해리어,5
해상병기,러시아,5
해상병기,어뢰,5
해상병기,태평양,4
해상병기,이즈모,4
해상병기,정조,4
해상병기,호위항공모함,4
해상병기,서울,4
해상병기,전함 드레드노트,4
해상병기,와스프,4
해상병기,비스마르크,4
해상병기,키로프,4
해상병기,프리덤,4
해상병기,인디펜던스,4
해상병기,데,4
해상병기,CVN-65 엔터프라이즈,4
해상병기,소련,4
해상병기,서해,4
해상병기,볼티모어급 순양함,4
해상병기,야마토급 전함,4
해상병기,율곡,3
해상병기,지휘통제,3
해상병기,북한,3
해상병기,수상함,3
해상병기,경,3
해상병기,오스프리,3
해상병기,토마호크,3
해상병기,퀸,3
해상병기,엘리자베스,3
해상병기,윤영,3
해상병기,아시아,3
해상병기,장갑순양함,3
해상병기,대전,3
해상병기,인빈시블,3
해상병기,워싱턴,3
해상병기,충남함,3
해상병기,가리발디,3
해상병기,뉴저지,3
해상병기,어스,3
해상병기,네덜란드,3
해상병기,CV-59 포레스탈,3
해상병기,야포,3
해상병기,한반도,3
해상병기,태국,3
해상병기,포클랜드,3
해상병기,프린시페,3
해상병기,아스투리아스,3
해상병기,델타급 전략핵잠,3
해상병기,참수리-211,3
해상병기,키드급 구축함,3
해상병기,서애,2
해상병기,류성룡,2
해상병기,프랑스,2
해상병기,마라도,2
해상병기,운용,2
해상병기,한미,2
해상병기,서,2
해상병기,버지니아,2
해상병기,마라도함,2
해상병기,와스프급,2
해상병기,알,2
해상병기,레이 버크,2
해상병기,덴마크,2
해상병기,야마토,2
해상병기,드레드노트,2
해상병기,마산,2
해상병기,왕립해군,2
해상병기,미스트랄,2
해상병기,월트,2
해상병기,수상전,2
해상병기,디젤,2
해상병기,슈퍼캐리어,2
해상병기,후안,2
해상병기,카를로스,2
해상병기,오스트레일리아,2
해상병기,캔버라,2
해상병기,이,2
해상병기,인빈서블급,2
해상병기,마하,2
해상병기,기동전,2
해상병기,루스벨트,2
해상병기,토마호크 순항미사일,2
해상병기,한국전쟁,2
해상병기,키로프급 순양전함,2
해상병기,미주리,2
해상병기,위스콘신,2
해상병기,괌,1
해상병기,왕건,1
해상병기,강감찬,1
해상병기,이이,1
해상병기,해군육전대,1
해상병기,토네르,1
해상병기,동중국해,1
해상병기,록히드,1
해상병기,마틴,1
해상병기,경남,1
해상병기,송국진,1
해상병기,하이브리드,1
해상병기,한국국방연구원,1
해상병기,유지훈,1
해상병기,박용,1
해상병기,한,1
해상병기,서욱,1
해상병기,서울대,1
해상병기,을지문덕,1
해상병기,페이로드,1
해상병기,대우조선해양,1
해상병기,세종대왕,1
해상병기,강동,1
해상병기,한국기계연구원,1
해상병기,니미츠급 항공모함,1
해상병기,방산,1
해상병기,이승철,1
해상병기,삼강엠앤티,1
해상병기,타라와급,1
해상병기,노르웨이,1
해상병기,슈퍼링스,1
해상병기,광개토대왕,1
해상병기,인벤시블,1
해상병기,영,1
해상병기,사뮤엘,1
해상병기,체펠린,1
해상병기,알래스카,1
해상병기,샤른호르스트,1
해상병기,주포,1
해상병기,사라토,1
해상병기,푸드호,1
해상병기,프리깃,1
해상병기,방호순양함,1
해상병기,경순양함,1
해상병기,경북,1
해상병기,전남,1
해상병기,한상국,1
해상병기,박동혁,1
해상병기,현시학,1
해상병기,조천,1
해상병기,러일전쟁,1
해상병기,대구,1
해상병기,경포,1
해상병기,항공모함 쿠즈네초프,1
해상병기,해상자위대,1
해상병기,알비온,1
해상병기,이라크,1
해상병기,안바르,1
해상병기,함형,1
해상병기,메릴,1
해상병기,기뢰,1
해상병기,레고,1
해상병기,올리버 해저드 페리,1
해상병기,해안경비대,1
해상병기,삼동,1
해상병기,조르조,1
해상병기,소토,1
해상병기,그라도,1
해상병기,바이퍼,1
해상병기,CV-5 요크타운,1
해상병기,시나노,1
해상병기,롱비치,1
해상병기,엔터프라이즈,1
해상병기,라이트닝,1
해상병기,후안 카를로스,1
해상병기,본험,1
해상병기,리처드,1
해상병기,딕스무드,1
해상병기,아로망쉬,1
해상병기,라파예트,1
해상병기,인도,1
해상병기,리,1
해상병기,후안 카를로스 1세,1
해상병기,주세페 가리발디,1
해상병기,북해,1
해상병기,상륙함,1
해상병기,우크라이나,1
해상병기,댜오위다오,1
해상병기,센카쿠,1
해상병기,조지,1
해상병기,리버티,1
해상병기,양산,1
해상병기,패트릭 헨리,1
해상병기,포드,1
해상병기,유럽,1
해상병기,리스,1
해상병기,대서양,1
해상병기,캐드,1
해상병기,잠망경,1
해상병기,수직발사장치,1
해상병기,노스캐롤라이나,1
해상병기,동해,1
해상병기,로스앤젤레스,1
해상병기,월남,1
해상병기,진주만,1
해상병기,천룡,1
해상병기,청상어,1
해상병기,림팩,1
해상병기,환태평양,1
해상병기,현무-3,1
해상병기,제7기동전단,1
해상병기,하와이,1
해상병기,유틀란트,1
해상병기,피셔,1
해상병기,전노급,1
해상병기,벌어진유틀란트,1
해상병기,폰데어탄,1
해상병기,바다,1
해상병기,인빈시블급을,1
해상병기,대함미사일,1
해상병기,금송아지,1
해상병기,중,1
해상병기,런던,1
해상병기,루초우,1
해상병기,시울프급 잠수함,1
해상병기,흥남,1
해상병기,걸프,1
해상병기,걸프전,1
해상병기,홍콩,1
해상병기,뇌격기,1
해상병기,유보트,1
해상병기,팬텀,1
해상병기,공격기,1
해상병기,로스,1
해상병기,1D,1
해상병기,항공자위대,1
해상병기,무사시,1
해상병기,아이오와,1
해상병기,연안,1
해상병기,국방과학연구소,1
해상병기,인천,1
해상병기,광개토,1
해상병기,윤영하,1
해상병기,무기대여법,1
해상병기,천왕,1
해상병기,영어,1
해상병기,코리아,1
해상병기,타코마,1
해상병기,한진중공업,1
해상병기,대만,1
해상병기,스코트,1
해상병기,이란,1
